timestamp,cam_x,cam_y,cam_theta_deg,gz_x,gz_y,gz_theta_deg,dx_error,dy_error,dxy_error,dtheta_error_deg
1785585220.3044574,3.9055047471898545e-10,2.8558623052606044e-09,0.0,0.0,0.0,0.0,3.9055047471898545e-10,2.8558623052606044e-09,2.8824432656882666e-09,0.0
1785585221.3054333,4.2237310599238423e-10,3.0885621968003572e-09,0.0,0.0,0.0,0.0,4.2237310599238423e-10,3.0885621968003572e-09,3.117309013262866e-09,0.0
1785585222.3042169,4.5419573726578306e-10,3.32126208834011e-09,0.0,0.0,0.0,0.0,4.5419573726578306e-10,3.32126208834011e-09,3.352174760837465e-09,0.0
1785585223.3045068,4.889113350185818e-10,3.5751165154743863e-09,0.0,0.0,0.0,0.0,4.889113350185818e-10,3.5751165154743863e-09,3.608391940009756e-09,0.0
1785585224.3042076,5.178409998125807e-10,3.786661871419616e-09,0.0,0.0,0.0,0.0,5.178409998125807e-10,3.786661871419616e-09,3.821906255986664e-09,0.0
1785585225.305383,5.467706646065796e-10,3.9982072273648464e-09,0.0,0.0,0.0,0.0,5.467706646065796e-10,3.9982072273648464e-09,4.035420571963574e-09,0.0
1785585226.304852,5.728073629211787e-10,4.188598047715553e-09,0.0,0.0,0.0,0.0,5.728073629211787e-10,4.188598047715553e-09,4.2275834563427914e-09,0.0
1785585227.3046303,5.988440612357777e-10,4.37898886806626e-09,0.0,0.0,0.0,0.0,5.988440612357777e-10,4.37898886806626e-09,4.419746340722009e-09,0.0
1785585228.304247,-0.011437905877276349,-5.0163340532506104e-05,0.0,-0.012121084666113724,3.5460745451133707e-10,-6.646353075921623e-09,0.0006831787888373752,-5.0163695139960616e-05,0.0006850179952580792,6.646353075921623e-09
1785585229.3043573,-0.028707505488325735,-8.536446531667354e-05,0.023232855111265317,-0.031161119812415095,3.2704505770201305e-10,-8.954285641995093e-09,0.0024536143240893593,-8.536479236173125e-05,0.002455098857307266,0.023232864065550956
1785585230.3048491,-0.08345678144632152,-0.00014547743601790345,0.07737175592788298,-0.08652588091813596,-3.441757989718549e-10,-1.5577636076868354e-08,0.0030690994718144404,-0.00014547709184210448,0.003072545386506522,0.07737177150551904
1785585231.3043017,-0.07823814228573708,-0.00012144497658906637,0.027175921985092357,-0.08146003758448606,-3.1511104836559335e-10,-2.1924025210117097e-08,0.0032218952987489724,-0.000121444661478018,0.0032241833263482772,0.02717594390911757
1785585232.3043456,-0.050310378982233776,-7.687428145668067e-05,0.027175921985092357,-0.050344745309295336,2.3516921743299326e-10,-2.5214685496883165e-08,3.436632706155934e-05,-7.68745166258981e-05,8.420650653107247e-05,0.027175947199777853
1785585233.304411,-0.021383028637584782,-2.800752431957046e-05,0.027175921985092357,-0.017704697333605468,3.395728143118691e-10,-2.5114464746394228e-08,-0.003678331303979314,-2.800786389238477e-05,0.003678437932366669,0.027175947099557108
1785585234.3042357,0.0077332885092549816,-4.049410850913605e-05,0.027175921985092357,0.010855365382905102,3.2670266492117424e-10,-2.3595064637867145e-08,-0.0031220768736501207,-4.0494435211800974e-05,0.003122339476140292,0.027175945580156995
1785585235.304451,0.03726471997763433,-2.6106982352298943e-05,-0.026435475117694094,0.03941541442746721,2.54694931811586e-10,-2.016237434201359e-08,-0.002150694449832881,-2.6107237047230755e-05,0.0021508529016109395,-0.02643545495531975
1785585236.307772,0.06639018648187495,-6.634031784349057e-05,-0.026435475117694094,0.06797542866897821,-1.8341417273866587e-10,-1.7808936117688247e-08,-0.001585242187103264,-6.634013442931783e-05,0.0015866297000901124,-0.026435457308757977
1785585237.3044252,0.0955254628512678,-9.921906092675136e-05,-0.0008371500730494805,0.10061546582778913,-4.144502518955659e-10,-1.778961186777421e-08,-0.005090002976521332,-9.921864647649946e-05,0.005090969911598835,-0.0008371322834376127
1785585238.3044796,0.1246067709432775,-0.00012260778527311956,-0.0008371500730494805,0.12917552725805836,-4.345066528800544e-10,-1.8295829308217868e-08,-0.004568756314780861,-0.00012260735076646668,0.004570401166890273,-0.0008371317772201722
1785585239.3044164,0.15366676798616374,-0.00012660578508889752,-0.0008371500730494805,0.16181558797227313,-3.9032510557052585e-10,-2.2176315815205318e-08,-0.00814881998610939,-0.00012660539476379195,0.008149803438856617,-0.0008371278967336652
1785585240.3045135,0.1827553583507287,-0.00016243973874082457,-0.0008371500730494805,0.1903756056566721,-3.7839509303895374e-11,-2.4793706204871243e-08,-0.007620247305943406,-0.00016243970090131527,0.007621978461014348,-0.0008371252793432755
1785585241.3044877,0.20876601228792188,-0.0001706816166845944,-0.0008371500730494805,0.21893563079984468,2.3330049003765975e-10,-2.4710002162591953e-08,-0.010169618511922801,-0.00017068184998508443,0.010171050730969602,-0.0008371253630473178
1785585242.304273,0.23512868103090193,-0.000169849384976797,-0.0008371500730494805,0.24749568846285963,2.447566593841316e-10,-2.4627041786482733e-08,-0.012367007431957705,-0.00016984962973345637,0.012368173742263556,-0.000837125446007694
1785585243.3043993,0.26427372826669165,-0.00013751881351534647,-0.0008371500730494805,0.27197574031801874,2.1557022833433996e-10,-2.193245231745374e-08,-0.0077020120513270895,-0.0001375190290855748,0.007703239651091504,-0.000837128140597163
1785585244.304375,0.2902700807811287,-0.000118147340120892,-0.0008371500730494805,0.3005357788795333,1.1400791422002018e-10,-1.8651888680480493e-08,-0.010265698098404608,-0.00011814745412880622,0.010266377952739958,-0.0008371314211608
1785585245.3047702,0.3134581905176181,-8.388878090314999e-05,-0.0008371500730494805,0.3250157865195564,-3.6814196136026794e-10,-1.7374705606859227e-08,-0.011557596001938342,-8.388841276118863e-05,0.011557900441248693,-0.0008371326983438736
1785585246.304459,0.3396219162790027,-5.6587113418103385e-05,-0.0008371500730494805,0.3535758241709417,-5.0944537477486e-10,-1.7361917590337687e-08,-0.01395390789193901,-5.658660397272861e-05,0.013954022627918694,-0.0008371327111318901
1785585247.3047185,0.3634440275243481,-0.00014788201824496018,-0.0008371500730494805,0.3780558771858431,-5.267621894237791e-10,-1.7561149598767506e-08,-0.01461184966149498,-0.00014788149148277076,0.014612597971122524,-0.0008371325118998816
1785585248.3044155,0.39248078399986447,-0.0001637787318568815,-0.02618425722486452,0.4066159336765387,-4.979172629764182e-10,-2.1020030444150615e-08,-0.01413514967667423,-0.00016377823393961852,0.014136098460745665,-0.026184236204834073
1785585249.3045266,0.4157303650930666,-0.00017271892909593686,-0.02618425722486452,0.43109595924499144,-3.9838266019432983e-10,-2.3651365651665352e-08,-0.015365594151924844,-0.00017271853071327667,0.015366564851407706,-0.026184233573498864
1785585250.3043368,0.43903041878309224,-0.00019992973109565497,-0.02618425722486452,0.45557596780424925,7.891332032224536e-11,-2.4333163692626907e-08,-0.016545549021157013,-0.0001999298100089753,0.01654675691307635,-0.026184232891700826
1785585251.3045192,0.46519177803675765,-0.00019584903645199862,-0.02618425722486452,0.48413601151865304,1.5409096221168305e-10,-2.4253814582198074e-08,-0.01894423348189539,-0.00019584919054296083,0.018945245818463338,-0.026184232971049933
1785585252.30455,0.49138372893507315,-0.0002110410997714434,-0.02618425722486452,0.5086160654677967,1.4786305513271992e-10,-2.3362022744747837e-08,-0.017232336532723547,-0.00021104124763449852,0.017233628775891678,-0.02618423386284177
1785585253.3045964,0.5146833446157062,-0.00019286718107751463,-0.02618425722486452,0.5290161059033038,1.1074430261659073e-10,-2.0831554169130074e-08,-0.01433276128759764,-0.00019286729182181725,0.014334058878053774,-0.026184236393310346
1785585254.3160923,0.5350650781785965,-0.00013039247407626705,-0.02618425722486452,0.5534961351970866,1.180433528643987e-11,-1.8074103196864052e-08,-0.018431057018490127,-0.00013039248588060233,0.01843151825051882,-0.026184239150761318
1785585255.3042338,0.5554305519345999,-0.00018230384698034237,-0.02618425722486452,0.5738961404541714,-4.2479797457478206e-10,-1.6987079472010573e-08,-0.018465588519571474,-0.0001823034221823678,0.01846648840228887,-0.026184240237785046
1785585256.304638,0.578699685361552,-0.0002580890050174497,-0.02618425722486452,0.5983761676917383,-5.890878895804189e-10,-1.697928936615444e-08,-0.019676482330186262,-0.0002580884159295601,0.019678174877781965,-0.026184240245575148
1785585257.3045135,0.6048358070636575,-0.00024329758391591216,-0.02618425722486452,0.6269362269687371,-6.165734589564892e-10,-1.697020734987939e-08,-0.022100419905079605,-0.0002432969673424532,0.022101759056580923,-0.026184240254657168
1785585258.3046863,0.630914990004774,-0.00021623529810073583,-0.0002991776268917646,0.6514162777652077,-6.003619823509385e-10,-1.988190700573931e-08,-0.020501287760433695,-0.00021623469773875348,0.0205024280825617,-0.00029915774498475887
1785585259.3043609,0.6541263061955128,-0.00021723949246926126,0.023996849122528266,0.6758963105862412,-5.317852824767078e-10,-2.2611986286537508e-08,-0.021770004390728404,-0.0002172389606839788,0.021771088258017168,0.023996871734514553
1785585260.3045332,0.7356361140460554,-0.00018655788461362024,0.02762180527184725,0.7574964154284798,6.0151439384181e-11,-2.3317527224769406e-08,-0.02186030138242434,-0.00018655794476505962,0.021861097419781525,0.027621828589374474
1785585261.3041656,0.7618042157108068,-0.00015349433099691396,0.02762180527184725,0.7860564703696911,5.270006652460402e-12,-1.9801931186494975e-08,-0.024252254658884254,-0.00015349433626692062,0.024252740392595618,0.027621825073778437
1785585262.307997,0.790804873726838,-0.00013459470906825055,0.02762180527184725,0.81869649382404,-3.809250692663234e-10,-1.6623720211423107e-08,-0.02789162009720192,-0.00013459432814318128,0.027891944845775927,0.027621821895567458
1785585263.3045342,0.8170154598229369,-0.00013402464964103582,0.02762180527184725,0.8472565189694435,-6.726272872024164e-10,-1.661809339735193e-08,-0.030241059146506655,-0.00013402397701374862,0.030241356132437718,0.02762182188994065
1785585264.3043568,0.8459990438952085,-6.263018177588353e-05,0.04010274534537576,0.8758165766335553,-7.046603300873514e-10,-1.661246550360017e-08,-0.029817532738346753,-6.262947711555345e-05,0.02981759851251915,0.04010276195784126
1785585265.304159,0.875130275581904,-3.277326824315946e-05,0.04010274534537576,0.9043766359648541,-6.866485158250729e-10,-1.97193768723126e-08,-0.029246360382950032,-3.277258159464364e-05,0.029246378744923165,0.04010276506475263
1785585266.3049293,0.8983262152462234,-1.541163801953901e-05,0.04010274534537576,0.9288566670480158,-6.120015605414017e-10,-2.242933445058148e-08,-0.03053045180179248,-1.541102601797847e-05,0.030530455691346905,0.0401027677747102
1785585267.3046174,0.9243670886436546,-1.3864810261956415e-05,0.04010274534537576,0.9533366746879874,-1.4736833975449117e-10,-2.3632269508656962e-08,-0.028969586044332862,-1.386466289361666e-05,0.02896958936210319,0.04010276897764527
1785585268.3043876,0.9505801826829017,-1.3973554474942263e-05,0.04010274534537576,0.9818967123412182,-2.651256991829574e-11,-2.35596183854704e-08,-0.03131652965831655,-1.3973527962372344e-05,0.0313165327758311,0.040102768904994146
1785585269.3044038,0.9803127236609566,-4.75880143000306e-05,0.07960245635718013,1.0104567742402515,-2.955902189789734e-11,-2.2764773098264103e-08,-0.030144050579294923,-4.7587984741008704e-05,0.030144088142509507,0.07960247912195323
1785585270.305018,1.0064656499220943,-6.831477321814703e-05,0.08361455049680129,1.0390168280297825,-8.788081373832638e-11,-1.9272491855896985e-08,-0.03255117810768815,-6.83146853373333e-05,0.03255124979312882,0.08361456976929314
1785585271.304484,1.0325901796540848,-2.1954356777818435e-06,0.08361455049680129,1.0675768489972928,-3.855058494661897e-10,-1.6297255848925185e-08,-0.03498666934320793,-2.195050171932377e-06,0.03498666941206623,0.08361456679405713
1785585272.3041356,1.0616934727052896,3.5179092559392716e-05,0.08361455049680129,1.0961368704920424,-7.533089707590289e-10,-1.629003583833874e-08,-0.03444339778675287,3.5179845868363474e-05,0.034443415752768304,0.08361456678683712
1785585273.3059518,1.0877835177668227,8.221237112706116e-05,0.08361455049680129,1.1246969263273918,-7.911569177577405e-10,-1.6287545900272357e-08,-0.03691340856056913,8.221316228397892e-05,0.03691350011260854,0.08361456678434719
1785585274.305715,1.1168626672059967,0.00014396593405944917,0.08194823780336942,1.1532569868043614,-7.781348898573372e-10,-1.9107139609465363e-08,-0.0363943195983647,0.00014396671219433902,0.036394604345179146,0.08194825691050904
1785585275.3044906,1.1430150826937013,0.00020506071678165735,0.04951080232111937,1.1777370204718625,-7.119251854716074e-10,-2.1854145876670145e-08,-0.03472193777816113,0.00020506142870684282,0.03472254330057112,0.04951082417526524
1785585276.304331,1.169349785943688,0.00018690524821416302,0.04951080232111937,1.210377034341345,-1.8105383858951946e-10,-2.3285636485036692e-08,-0.04102724839765681,0.0001869054292680016,0.04102767413249895,0.049510825606755855
1785585277.3042743,1.1982402041543387,0.00023341739570502076,0.04951080232111937,1.2389370790069294,-1.1124612342558874e-10,-2.321627837417291e-08,-0.04069687485259066,0.00023341750695114418,0.0406975442318081,0.049510825537397746
1785585278.3043876,1.2244870052087715,0.00026210324294884325,0.04951080232111937,1.2634171330330002,-1.1806600142128202e-10,-2.222995336641247e-08,-0.038930127824228666,0.00026210336101484467,0.03893101014079443,0.04951082455107273
1785585279.3043413,1.2506931527849663,0.0002953225191070603,0.04951080232111937,1.2919771855778681,-1.798334814409377e-10,-1.8761258698000827e-08,-0.041284032792901826,0.0002953226989405417,0.04128508906544714,0.049510821082378066
1785585280.3078382,1.2795789376607372,0.00039563297736082875,0.04951080232111937,1.3205372042913521,-5.335105690576562e-10,-1.5964394383166054e-08,-0.04095826663061497,0.0003956335108713978,0.04096017738315439,0.04951081828551375
1785585281.3046916,1.3062727167957133,0.00033594218897854065,0.045883061402290155,1.3490972282288598,-8.446590094038737e-10,-1.5965027940066364e-08,-0.04282451143314647,0.00033594303363755005,0.042825829089575634,0.04588307736731809
1785585282.3043687,1.332493527856051,0.00035949269207442207,0.045883061402290155,1.3776572853077627,-8.781535498784251e-10,-1.5965634773255208e-08,-0.04516375745171164,0.00035949357022797195,0.045165188173903074,0.04588307736792492
1785585283.3044298,1.361552000038647,0.000331323798170632,0.045883061402290155,1.4062173450460491,-8.615663738013455e-10,-1.8982164647966672e-08,-0.04466534500740216,0.0003313246597370058,0.044666573863017686,0.045883080384454794
1785585284.3043272,1.3876858611323806,0.0003526136483219695,0.045883061402290155,1.4347773795459582,-7.641007826479529e-10,-2.21270273562357e-08,-0.047091518413577615,0.00035261441242275215,0.04709283855768484,0.04588308352931751
1785585285.307152,1.416815974476783,0.0003788894145249,0.045883061402290155,1.4633373911831487,-2.555111677808777e-10,-2.2984519876696408e-08,-0.04652141670636567,0.0003788896700360678,0.04652295959791659,0.04588308438681003
1785585286.3046243,1.442957040153382,0.000404205382892654,0.045883061402290155,1.491897437691415,-1.9654544658622642e-10,-2.291803043108828e-08,-0.04894039753803292,0.00040420557943810057,0.048942066704739266,0.04588308432032059
1785585287.3042762,1.469123326652193,0.0003591770436081507,0.07295253348844548,1.516377491803266,-2.0540769085802012e-10,-2.1730914700527747e-08,-0.04725416515107295,0.00035917724901584155,0.04725553017818219,0.07295255521936017
1785585288.3045967,1.4924345961972998,0.00037581373942269686,0.07295253348844548,1.5408575373835673,-2.5743274179198083e-10,-1.8753173931020587e-08,-0.048422941186267554,0.00037581399685543865,0.048424399524299305,0.0729525522416194
1785585289.3040078,1.5186921241074756,0.00034490415708976913,0.07295253348844548,1.5653375590558158,-4.0337999607397066e-10,-1.6107700366987935e-08,-0.04664543494834028,0.0003449045604697652,0.04664671007344117,0.07295254959614586
1785585290.30612,1.5419902553382208,0.0004145853342980423,0.07295253348844548,1.5898175696538475,-8.834368792082354e-10,-1.5682724487230918e-08,-0.0478273143156267,0.0004145862177349215,0.04782911118113828,0.07295254917116994
1785585291.304359,1.6175788859247264,0.0005643837755742146,0.07295253348844548,1.6714177216833919,-9.15503672873175e-10,-2.03010645542611e-08,-0.05383883575866544,0.0005643846910778874,0.0538417938587495,0.07295255378951003
1785585292.304877,1.6436819879094244,0.000639585729841708,0.07295253348844548,1.6958977371645485,-6.481655212571419e-10,-2.2753573458699614e-08,-0.052215749255124067,0.0006395863780072293,0.05221966622843277,0.07295255624201893
1785585293.3043358,1.6698397152026296,0.0006777155615505427,0.07254356257167774,1.7244577586614311,-2.9988145300490284e-10,-2.2694036354040677e-08,-0.0546180434588015,0.0006777158614319957,0.05462224794034356,0.0725435852657141
1785585294.3042734,1.6960458561663645,0.0006487894667132395,0.09631919760844089,1.7530178144978927,-2.814624089371918e-10,-2.2630313292964677e-08,-0.05697195833152824,0.0006487897481756485,0.056975652381229716,0.0963192202387542
1785585295.3055317,1.7250895048816408,0.000732731611667909,0.09631919760844089,1.781577874974178,-3.1386937493682044e-10,-1.974792433240258e-08,-0.056488370092537155,0.0007327319255372839,0.05649312216355322,0.09631921735636523
1785585296.3043985,1.7512906359600031,0.0007745235816957773,0.09631919760844089,1.8060579086401285,-3.966729167378594e-10,-1.6944998024671608e-08,-0.05476727268012538,0.0007745239783686941,0.05477274910219749,0.09631921455343892
1785585297.3041863,1.777259406492031,0.000936375503111576,0.06612672324342306,1.8346179191954726,-9.11198227983851e-10,-1.544044350615236e-08,-0.0573585127034415,0.000936376414309804,0.05736615535609943,0.06612673868386656
1785585298.3042812,1.8063449364490056,0.0009015170896297131,0.09871327896412953,1.863177958939495,-1.0345417855736868e-09,-1.544609077275186e-08,-0.05683302249048938,0.0009015181241714986,0.05684017224052617,0.09871329441022028
1785585299.305225,1.8324828118773044,0.0009666539365236515,0.09871327896412953,1.8917380212033277,-1.0483960366534094e-09,-1.638192665007795e-08,-0.05925520932602324,0.0009666549849196882,0.05926309352481274,0.0987132953460562
1785585300.3041728,1.8587362894900197,0.0010047363239106216,0.09871327896412953,1.9202980737470758,-1.0058549548850627e-09,-1.9788332051266052e-08,-0.06156178425705616,0.0010047373297655765,0.06156998276769413,0.09871329875246158
1785585301.3043108,1.8877593579827825,0.0010665964388312116,0.09871327896412953,1.9488580924586294,-6.713216649266209e-10,-2.252177785713699e-08,-0.061098734475846905,0.0010665971101528765,0.06110804352902676,0.09871330148590739
1785585302.3049977,1.913798464957434,0.0011076107529160027,0.09871327896412953,1.97333811045184,-3.8999070639742223e-10,-2.246858190817686e-08,-0.059539645494405935,0.0011076111429067091,0.05954994700285991,0.09871330143271143
1785585303.3056102,1.9435472911289313,0.0010483880176184307,0.08177208862539716,2.005978173478216,-3.6504932410464765e-10,-2.2398259462017075e-08,-0.06243088234928473,0.0010483883826677548,0.06243968440912514,0.08177211102365663
1785585304.3043764,1.9696712749949485,0.0011163404770370652,0.058296685092370376,2.0345382332157205,-4.0074921159531447e-10,-1.932375738483417e-08,-0.06486695822077193,0.0011163408777862768,0.0648765634553094,0.05829670441612776
1785585305.3045046,1.9958776088706625,0.0011086721054092447,0.058296685092370376,2.059018265171498,-4.889639804183765e-10,-1.6545551259856398e-08,-0.06314065630083565,0.0011086725943732251,0.06315038901718477,0.05829670163792164
1785585306.3050838,2.0249220426568644,0.0011234527899406123,0.058296685092370376,2.0875782756829793,-1.011503769634532e-09,-1.5201394192574447e-08,-0.0626562330261149,0.001123453801444382,0.06266630422696706,0.058296700293764575
1785585307.3051646,2.051104800893184,0.0011561360246297387,0.05700636130603981,2.116138317449605,-1.1192109461455472e-09,-1.5209317933751882e-08,-0.06503351655642131,0.0011561371438406848,0.06504379239243122,0.05700637651535773
1785585308.304676,2.0772339466940033,0.001116897786053964,0.05700636130603981,2.144698379973602,-1.1303327163170624e-09,-1.635075737441313e-08,-0.06746443327959861,0.0011168989163866804,0.06747367798576596,0.05700637765679718
1785585309.304284,2.1034469842054238,0.0011925255297193056,0.08531702517322655,2.1732584311816687,-1.0840159880865704e-09,-1.973809000389546e-08,-0.06981144697624497,0.0011925266137352937,0.06982163166699508,0.08531704491131656
1785585310.3042984,2.1326898699342833,0.001217906785964016,0.10978717172068232,2.197738447699073,-8.529799089297306e-10,-2.2266396149332765e-08,-0.06504857776478978,0.001217907638943925,0.06505997823730732,0.10978719398707848
1785585311.305377,2.1587754166950393,0.0012902642297028125,0.10978717172068232,2.2262984680088453,-4.676965481588337e-10,-2.2235104428503662e-08,-0.06752305131380609,0.0012902646973993607,0.0675353777046982,0.10978719395578673
1785585312.3042395,2.1848080676693193,0.0013272565380638692,0.10978717172068232,2.2548585231897524,-4.46835901615367e-10,-2.2175759551375166e-08,-0.0700504555204331,0.0013272569848997709,0.07006302826544211,0.10978719389644187
1785585313.304763,2.211060622118271,0.00137441928238568,0.10978717172068232,2.283418583996165,-4.773750283983663e-10,-1.9394356226806087e-08,-0.072357961877894,0.0013744197597607083,0.07237101406501627,0.10978719111503854
1785585314.3042543,2.237784410944612,0.0014064725788657344,0.10978717172068232,2.3078986184941805,-5.575007122640094e-10,-1.6583865649560574e-08,-0.07011420754956843,0.0014064731363664467,0.0701283128770918,0.10978718830454796
1785585315.3111827,2.2638127615493566,0.001483177157134193,0.08478012327917996,2.3364586291742597,-1.0669585215364018e-09,-1.4980931389964398e-08,-0.0726458676249031,0.0014831782240927146,0.0726610067410256,0.08478013826011134
1785585316.304494,2.289982646499879,0.0016282141823197468,0.08478012327917996,2.3609386602503823,-1.1923706466657149e-09,-1.4989535947719596e-08,-0.0709560137505032,0.0016282153746903934,0.07097469248026353,0.0847801382687159
1785585317.3044508,2.3161002822066683,0.0016005683613676033,0.08478012327917996,2.389498721111747,-1.2136305294088971e-09,-1.5316801033327385e-08,-0.07339843890507858,0.0016005695749981327,0.07341588831218324,0.08478013859598099
1785585318.3043005,2.342253815541255,0.001660061394383802,0.08478012327917996,2.4180587771070314,-1.1817493650337913e-09,-1.878456123315556e-08,-0.07580496156577654,0.0016600625761331671,0.07582313634864715,0.08478014206374118
1785585319.3044102,2.368330102826455,0.0017793310481155754,0.08478012327917996,2.446618802825207,-1.0189453725243688e-09,-2.1857531870625712e-08,-0.07828869999875199,0.001779332067060948,0.0783089175643455,0.08478014513671182
1785585320.3046255,2.3973982847515938,0.0018157953641472029,0.10316706422850035,2.4751788198865206,-5.566875849209507e-10,-2.2012262838789136e-08,-0.07778053513492678,0.0018157959208347878,0.07780172723469382,0.10316708624076319
1785585321.304424,2.4761188910183556,0.001763254527685975,0.1377815924932122,2.552698967103007,-6.099676319620037e-10,-1.7054144758502438e-08,-0.07658007608465134,0.0017632551376536069,0.07660037285686963,0.13778160954735696
1785585322.3043978,2.502199991045067,0.0018104672844525488,0.1377815924932122,2.5812589813392894,-1.0466938427127824e-09,-1.4733579129061806e-08,-0.07905899029422248,0.0018104683311463915,0.07907971763935458,0.13778160722679128
1785585323.3043618,2.5283553291855054,0.0019704019755569548,0.11401348967433991,2.609819011219392,-1.268818383695617e-09,-1.4745973044573257e-08,-0.08146368203388654,0.0019704032443753385,0.0814875081191198,0.11401350442031298
1785585324.3045125,2.5547752253926763,0.0019753366550740834,0.13738838303836706,2.6383790709742443,-1.2937855231626273e-09,-1.4769974958803515e-08,-0.08360384558156797,0.0019753379488596065,0.0836271783335948,0.13738839780834203
1785585325.304279,2.5837492823068806,0.0021517387689031085,0.13738838303836706,2.6628591213853965,-1.2749112876548156e-09,-1.7784342689845862e-08,-0.07910983907851588,0.002151740043814396,0.07913909668580273,0.13738840082270976
1785585326.304247,2.60992171855646,0.0021891951662631466,0.13738838303836706,2.6914191558815364,-1.1768341856594595e-09,-2.0940697104088615e-08,-0.0814974373250763,0.0021891963430973323,0.08152683528252137,0.13738840397906418
1785585327.304474,2.6360891228670886,0.002253179254945305,0.13738838303836706,2.7199791675203397,-6.676450503590867e-10,-2.180923231253334e-08,-0.08389004465325112,0.0022531799225903554,0.08392029797187348,0.13738840484759937
1785585328.30416,2.662160196124988,0.0023392019477691496,0.11346359608014106,2.7444592056196537,-6.091984694507458e-10,-2.1761822486682896e-08,-0.08229900949466584,0.002339202556967619,0.08233224661337514,0.11346361784196356
1785585329.3042762,2.688409587044262,0.002357410593567511,0.11346359608014106,2.773019268143784,-6.164988519715012e-10,-2.057550670589452e-08,-0.08460968109952205,0.002357411210066363,0.08464251605060051,0.11346361665564779
1785585330.3044016,2.7146666077673056,0.0023736837847290753,0.14549434849219103,2.8015793193505774,-6.812119757200923e-10,-1.7141413891042444e-08,-0.08691271158327174,0.002373684465941051,0.08694511954503731,0.14549436563360493
1785585331.3045292,2.740670371021136,0.00251516345471996,0.12106966372387151,2.8260593358661725,-9.280562984800164e-10,-1.4573490033567067e-08,-0.08538896484503633,0.0025151643827762585,0.08542599937477605,0.12106967829736154
1785585332.3050141,2.7668771731600916,0.0025923568170106146,0.12106966372387151,2.854619356178074,-1.3316387992320554e-09,-1.4559127476798648e-08,-0.08774218301798253,0.002592358148649414,0.08778047050188334,0.121069678282999
1785585333.304171,2.7957040302405254,0.0026616549986602915,0.12106966372387151,2.883179411360215,-1.3708185697711074e-09,-1.4573153844431373e-08,-0.08747538111968955,0.0026616563694788612,0.08751586551399768,0.12106967829702536
1785585334.3044205,2.8189334848501972,0.0027444135949892825,0.12106966372387151,2.9117394721661,-1.3585816915937191e-09,-1.7311905360446472e-08,-0.09280598731590262,0.002744414953570974,0.09284655672192083,0.12106968103577688
1785585335.3042493,2.8481526770896974,0.0029196227755730413,0.15242325357252498,2.9362195066626535,-1.2941283600329463e-09,-2.0084239996874813e-08,-0.08806682957295608,0.0029196240697014013,0.08811521251032918,0.15242327365676497
1785585336.3044112,2.87470228782708,0.003044282029019423,0.22403578598812526,2.964779517342242,-8.029159559473039e-10,-2.1644362917104034e-08,-0.09007722951516195,0.003044282831935379,0.09012865767938619,0.22403580763248818
1785585337.3042421,2.9009385479641234,0.0031280516294473716,0.22403578598812526,2.9933395560536353,-6.899099069844182e-10,-2.1590659596121544e-08,-0.0924010080895119,0.0031280523193572786,0.09245393992291881,0.2240358075787849
1785585338.3042738,2.927142602705971,0.003171184745147003,0.25318090353776385,3.0218996181489617,-6.932472373964716e-10,-2.0711521257964337e-08,-0.09475701544299087,0.0031711854383942406,0.09481006482830762,0.25318092424928507
1785585339.3045802,2.9561580229431543,0.0033179333794642303,0.25318090353776385,3.050459671324306,-7.524136869140354e-10,-1.7247991619734988e-08,-0.09430164838115163,0.0033179341318779173,0.09435999986385035,0.2531809207857555
1785585340.3052373,2.9823805774343826,0.0033756647640308967,0.281814057054449,3.074939690992348,-9.212506313393271e-10,-1.4603522633591867e-08,-0.09255911355796531,0.003375665685281528,0.09262064900147864,0.2818140716579717
1785585341.3042214,3.0085312651148053,0.003511181525790266,0.30824047583489156,3.103499708055357,-1.4016459104515018e-09,-1.4407730151495137e-08,-0.09496844294055151,0.0035111829274361763,0.09503332868053559,0.30824049024262173
1785585342.3044114,3.0347533493756944,0.003595847822773327,0.3322522309781696,3.1279797521646944,-1.4462306907636346e-09,-1.4421007232198589e-08,-0.09322640278899996,0.0035958492690040178,0.09329572503036919,0.3322522453991768
1785585343.3045394,3.0582143006199054,0.003737955581541735,0.3545723953914852,3.1565398146741357,-1.446135211583547e-09,-1.6373877149064083e-08,-0.09832551405423029,0.0037379570276769468,0.09839653976014298,0.3545724117653624
1785585344.3050072,3.0870985542874223,0.003955074695228671,0.3606054167750035,3.181019855271745,-1.397548743401507e-09,-1.9232324715959066e-08,-0.09392130098432272,0.003955076092777414,0.09400453928128896,0.36060543600732825
1785585345.3043528,3.1103138709320817,0.004147867298520091,0.38712134004853704,3.209579869506694,-9.788538868383308e-10,-2.151091139436141e-08,-0.09926599857461227,0.004147868277373978,0.0993526209229599,0.38712136155944843
1785585346.3043687,3.136655229487028,0.004330838282860629,0.411778616436974,3.2381398993888535,-7.74830866138255e-10,-2.1458483018154316e-08,-0.1014846699018257,0.004330839057691495,0.10157703673580044,0.411778637895457
1785585347.3046186,3.1629729424157347,0.0044595778984094555,0.433497357347465,3.262619949818825,-7.670042379038834e-10,-2.1413939362777044e-08,-0.09964700740309018,0.004459578665413693,0.09974674895085314,0.4334973787614043
1785585348.304266,3.189505788472501,0.00468938236489405,0.433497357347465,3.2911800095549095,-8.022227326910728e-10,-1.8348661089646426e-08,-0.10167422108240842,0.004689383167116782,0.10178230468604306,0.43349737569612606
1785585349.3042169,3.2185693375754743,0.004952536653498048,0.433497357347465,3.3197400440491434,-9.183120930380078e-10,-1.5153070418878924e-08,-0.1011707064736691,0.004952537571810141,0.10129185296351086,0.4334973725005354
1785585350.3042452,3.244718511708575,0.005104634041404362,0.433497357347465,3.344220052019385,-1.412128636250267e-09,-1.4243398675294842e-08,-0.09950154031081038,0.005104635453532998,0.09963239346385938,0.43349737159086366
1785585351.309067,3.2708739568020677,0.005268265719946573,0.433497357347465,3.372780093789582,-1.519317560653387e-09,-1.4260455869337804e-08,-0.10190613698751427,0.005268267239264134,0.10204222359113078,0.4334973716079208
1785585352.3043664,3.3493267720020636,0.005824038578815572,0.433497357347465,3.4543802240332933,-1.2516361280782e-09,-2.1381195719433853e-08,-0.10505345203122962,0.0058240398304517,0.10521476713667408,0.4334973787286607
1785585353.3106105,3.3757229533781814,0.005962625703904457,0.4300609817873151,3.4829402443472697,-8.660241412920141e-10,-2.1358109861913632e-08,-0.10721729096908827,0.005962626569928599,0.10738296139687412,0.43006100314542495
1785585354.3065012,3.4017758264188043,0.006097315998099968,0.4300609817873151,3.507420290415973,-8.443348242829629e-10,-2.131438628979064e-08,-0.10564446399716854,0.006097316842434792,0.10582027237692256,0.4300610031017014
1785585355.3042026,3.4248143470599266,0.00638160499259133,0.45172540801966987,3.535980352483536,-8.666347639556139e-10,-1.903064476541376e-08,-0.11116600542360944,0.006381605859226094,0.11134902628754538,0.45172542705031465
1785585356.3042192,3.450915667699981,0.006569804075819241,0.515863462322295,3.5604603909150967,-9.358065433710954e-10,-1.617300977656832e-08,-0.10954472321511588,0.006569805011625784,0.10974155421793119,0.5158634784953047
1785585357.3042336,3.477810631194223,0.0068483364465193215,0.5059900586887045,3.5853229829953452,-1.3883432181709521e-09,-1.2812951530845848e-08,-0.10751235180112229,0.00684833783486254,0.1077302442256059,0.505990071501656
1785585358.3046036,3.4805068038080083,0.006792110041480254,0.5059900586887045,3.5869892849836233,-1.4977223905570244e-09,-8.50871732093092e-09,-0.1064824811756151,0.006792111539202644,0.10669888273302675,0.5059900671974219
1785585359.3047476,3.464395405565075,0.006618712850413381,0.5059900586887045,3.569324000886866,-9.3922647437616e-10,-7.296113451544229e-09,-0.10492859532179111,0.006618713789639855,0.10513713658091213,0.5059900659848179
1785585360.304501,3.446992180118476,0.00647516435631887,0.4776509568219804,3.550283978655057,-8.65784777207976e-10,-7.296158567740284e-09,-0.10329179853658088,0.006475165222103647,0.10349455739107807,0.47765096411813895
1785585361.307584,3.42967606948722,0.0062742805831868505,0.4457705519480033,3.5312439418765273,-8.584568611562201e-10,-7.296186354841826e-09,-0.1015678723893072,0.006274281441643712,0.10176148244448656,0.4457705592441897
1785585362.304401,3.4208505858274707,0.006169107534393028,1.4076028801605434,3.524367396493778,3.707606489022907e-05,0.940511624356295,-0.10351681066630736,0.006132031469502799,0.10369827337264154,0.4670912558042484
1785585363.3043725,3.419691904156991,0.006053090337570352,5.278008947616944,3.5225624584675663,0.00010689049842493858,5.053052668140882,-0.10287055431057546,0.005946199839145414,0.1030422643224231,0.22495627947606153
1785585364.304236,3.4175152486849583,0.005901281163991205,10.288100566744657,3.5205008684519017,0.00013801203259911077,9.728310935090462,-0.10298561976694343,0.005763269131392094,0.10314675540152635,0.5597896316541944
1785585365.3041987,3.4151895656452105,0.005772121510713957,15.065978293892366,3.5180563190096366,0.00016715440871406528,15.182777419776562,-0.10286675336442608,0.005604967101999892,0.103019340921752,-0.11679912588419543
1785585366.304479,3.4126647392004315,0.005698634512717316,19.873355714787063,3.5155504595207097,0.00017934746899150866,20.63724168259208,-0.1028857203202782,0.005519287043725807,0.10303365457603426,-0.7638859678050138
1785585367.3042474,3.410972372223997,0.0054911967073309415,25.001060203214635,3.5129650194306103,0.00016123187591254862,26.091707694775263,-0.10199264720661327,0.005329964831418393,0.10213181976894779,-1.0906474915606261
1785585368.3047278,3.4087569568887286,0.0053736850513866575,30.450269966806903,3.5110774730920333,0.0005688811095456714,31.375103775096484,-0.10232051620330473,0.004804803941840986,0.10243326694502268,-0.924833808289578
1785585369.3044114,3.4204307134155334,0.013389286183448283,33.602508403504196,3.5233449985349363,0.009621550804950196,34.04572940288948,-0.10291428511940293,0.0037677353784980865,0.10298323121518446,-0.4432209993852805
1785585370.3045542,3.439552110722222,0.02654180486027247,34.27826454824128,3.546762522852031,0.025972593689941093,34.63419704168912,-0.1072104121298092,0.0005692111703313775,0.1072119231727515,-0.3559324934478421
1785585371.304394,3.4635983876247565,0.042893693520194835,34.27826454824128,3.566904632481461,0.03988547377351903,34.63419705454136,-0.10330624485670459,0.003008219746675804,0.10335003440946545,-0.3559325063000819
1785585372.304767,3.4831730538342676,0.056108600544818164,34.69097009772134,3.58740932407653,0.05403099063777317,35.18534423715003,-0.10423627024226256,0.0020776099070449958,0.10425697337321779,-0.4943741394286857
1785585373.3045478,3.4873179071773115,0.05866288529677868,38.21521876294691,3.5906892926569594,0.05588491217833402,39.74046420301158,-0.10337138547964786,0.00277797311844466,0.10340870597115484,-1.5252454400646651
1785585374.3077137,3.487425029335557,0.05834937939037569,45.43209909281993,3.590949570552553,0.055603765147536954,46.54886957635242,-0.10352454121699584,0.0027456142428387356,0.10356094356348801,-1.1167704835324912
1785585375.305172,3.4878756632797363,0.05804342343953089,52.89765396385099,3.591294413015503,0.05531992192210877,54.576078867152546,-0.10341874973576681,0.0027235015174221153,0.10345460481498428,-1.6784249033015548
1785585376.3049607,3.4882627364600167,0.057618458558730774,60.15889354425804,3.591536975549686,0.05498341487436109,61.28733727811412,-0.10327423908966926,0.0026350436843696826,0.10330785020882347,-1.1284437338560807
1785585377.304254,3.4911995495011015,0.06293167120682867,65.1163171744894,3.595088022243587,0.06157127460334122,66.52700367374212,-0.10388847274248558,0.0013603966034874543,0.10389737940720617,-1.4106864992527282
1785585378.3045504,3.5007271400098823,0.0822539137441698,66.2720129647171,3.604811714621385,0.08269024947293113,67.61755094029584,-0.10408457461150267,-0.00043633572876133897,0.10408548919482322,-1.3455379755787296
1785585379.3043447,3.510066456335337,0.10358465034858666,66.6230853350561,3.6137010235980727,0.10422242285558303,68.06664525965405,-0.10363456726273546,-0.0006377725069963702,0.10363652968671384,-1.4435599245979462
1785585380.3042698,3.51181403564626,0.10706524374836202,68.89659134695432,3.6147512541277793,0.10622580158178296,70.24909501733221,-0.10293721848151938,0.0008394421665790519,0.10294064120580892,-1.3525036703778803
1785585381.3042006,3.512163059067431,0.10695408194501867,72.42433007876319,3.615034680598256,0.10614319346117229,74.1034418531428,-0.10287162153082496,0.0008108884838463754,0.10287481740695593,-1.679111774379616
1785585382.3051486,3.5125067801048444,0.1059734366335032,81.38482825031137,3.6156761617247293,0.10486171686536228,83.35988624724807,-0.10316938161988487,0.001111719768140923,0.10317537121170106,-1.9750579969366977
1785585383.3043554,3.5128324412896026,0.10489489555048567,83.70646909991052,3.6157654393331162,0.10375565255740948,85.86434053005692,-0.10293299804351363,0.0011392429930761894,0.10293930231366082,-2.157871430146393
1785585384.3042064,3.51335686512749,0.10385074447588838,85.85212100083847,3.6158443888547582,0.10283204630931575,87.9681572796913,-0.10248752372726821,0.0010186981665726291,0.10249258639385556,-2.116036278852837
1785585385.3042817,3.513394999469558,0.10087958976648022,87.69097091946611,3.615915009513998,0.09788760370290772,89.95660612135664,-0.10252001004443967,0.0029919860635724965,0.10256366042666683,-2.2656352018905337
1785585386.3045154,3.5129414957793297,0.08462370809004972,87.94286580643889,3.6159321250436074,0.08177594540871036,90.03272851627567,-0.10299062926427771,0.0028477626813393636,0.10302999305319362,-2.0898627098367903
1785585387.3043668,3.5123900851083674,0.06736420504775734,87.95957702484188,3.615943006562218,0.06273590779655391,90.03272849867392,-0.10355292145385064,0.004628297251203423,0.10365630071092088,-2.073151473832042
1785585388.30464,3.5121250274494065,0.05700452298208535,88.01606304279352,3.6159477388455317,0.05445559001199429,90.03272851819524,-0.1038227113961252,0.00254893297009106,0.10385399588330303,-2.0166654754017146
1785585389.3041139,3.5124455657234264,0.06857446122502596,87.95604687758794,3.615941484414718,0.06539939086115876,90.0327285175952,-0.1034959186912916,0.0031750703638672023,0.1035446099880141,-2.0766816400072723
1785585390.3045435,3.512841360271155,0.08008223418935445,87.93141444567908,3.6159333233433864,0.07967941809124657,90.0327285422366,-0.10309196307223134,0.0004028160981078832,0.10309275004041363,-2.101314096557507
1785585391.3043675,3.513172703046267,0.09443768092220507,87.84128020447761,3.6159251627936166,0.09395944123536859,90.03272859472786,-0.1027524597473497,0.0004782396868364819,0.10275357267428119,-2.1914483902502466
1785585392.304481,3.513703660242426,0.10866961887202344,87.48269022378125,3.615917003431213,0.10823945700208792,90.03272867254255,-0.10221334318878705,0.00043016186993551087,0.10221424834661313,-2.550038448761296
1785585393.304358,3.514341071736099,0.12176165298516417,87.48269022378125,3.6159100155345953,0.12047946401122589,90.03272875876505,-0.10156894379849613,0.0012821889739382808,0.10157703654324117,-2.550038534983792
1785585394.3049333,3.514850477007154,0.13489436283907444,87.4536341988456,3.6159018697821943,0.13475946897587887,90.03272875456734,-0.1010513927750405,0.00013489386319556762,0.10105148281014897,-2.57909455572174
1785585395.3053834,3.5154288326004037,0.1465655371771518,87.4535335752848,3.615894882932345,0.14699947508946032,90.03272867625626,-0.10046605033194123,-0.00043393791230852963,0.10046698747057108,-2.5791951009714564
1785585396.304366,3.515886519417571,0.1581427932640663,87.40487301812352,3.6158878898398843,0.15923948890403317,90.03272860899094,-0.1000013704223135,-0.001096695639966866,0.10000738386573003,-2.6278555908674117
1785585397.3042629,3.516433654743276,0.1698011031649146,87.40487301812352,3.6158808952832535,0.1714795086071983,90.03272855947182,-0.09944724053997733,-0.0016784054422837036,0.09946140304582878,-2.627855541348288
1785585398.304479,3.5170060361357387,0.18291591753314665,87.40487301812352,3.615873900131612,0.18371953218162185,90.03272853233042,-0.09886786399587333,-0.0008036146484751983,0.09887112989953008,-2.627855514206897
1785585399.3043242,3.5175176794577823,0.19460131841103312,87.38039873944501,3.615866904812381,0.19595955652797414,90.03272853608374,-0.09834922535459878,-0.001358238116941024,0.09835860378549488,-2.6523297966387203
1785585400.3042336,3.518118766793009,0.20767061340345674,87.35521209838302,3.61585874383982,0.21023958279193655,90.03272856957669,-0.09773997704681125,-0.002568969388479808,0.09777373224353327,-2.6775164711936785
1785585401.3042774,3.5185335533578543,0.21628812639032868,87.35521209838302,3.6158534406340923,0.21951959733460447,90.0327286032471,-0.09731988727623797,-0.0032314709442757827,0.0973735223966113,-2.6775165048640868
1785585402.304388,3.519508710090859,0.23912957226294543,87.35521209838302,3.615841388811214,0.2406125373652679,90.03272870992087,-0.09633267872035489,-0.0014829651023224588,0.09634409257932643,-2.677516611537868
1785585403.3046136,3.5205002704098893,0.2622453105768497,87.31975907435123,3.6158250950427724,0.26917255011097074,90.03272867511053,-0.09532482463288305,-0.006927239534121055,0.09557619389185258,-2.7129696007593065
1785585404.3046129,3.5216350541361034,0.2882699411350259,87.33771853650548,3.6158111074099306,0.29365258032641384,90.03272854841859,-0.09417605327382716,-0.005382639191387928,0.09432975042317984,-2.6950100119131104
1785585405.3047254,3.522828345507991,0.3144759419633149,87.30993860968631,3.6157947854307775,0.3222126351870238,90.03272852158229,-0.0929664399227863,-0.0077366932237089014,0.09328780935339204,-2.7227899118959735
1785585406.3042786,3.5240739735521798,0.34061314705008217,87.2794131602642,3.61577846440109,0.35077268200628353,90.03272862008116,-0.09170449084891041,-0.010159534956201366,0.09226553957130566,-2.753315459816974
1785585407.304917,3.525130511191001,0.3638653064022068,87.24929613147505,3.6157644863444487,0.37525269982844556,90.03272876692398,-0.09063397515344773,-0.011387393426238734,0.0913465389665078,-2.7834326354489236
1785585408.30436,3.526417637992279,0.3904561541239254,87.1267565163263,3.615750515332385,0.39973271106275643,90.0327286603691,-0.08933287734010609,-0.009276556938831004,0.08981323667757339,-2.9059721440428037
1785585409.3043668,3.527735282611484,0.41667020308042835,87.1267565163263,3.615736527898007,0.42421274589134317,90.03272854745752,-0.08800124528652331,-0.007542542810914821,0.08832388761843153,-2.90597203113123
1785585410.304595,3.529097836774518,0.44293750655662295,87.1267565163263,3.6157202058290503,0.4527728017776811,90.0327285377433,-0.08662236905453247,-0.009835295221058138,0.08717894156678546,-2.905972021417001
1785585411.3044252,3.5304640467102884,0.4690975969491276,87.1267565163263,3.615703885223285,0.4813328449568077,90.03272864724599,-0.08523983851299644,-0.01223524800768011,0.08611347956929362,-2.9059721309196953
1785585412.3043525,3.5317904297872107,0.49523387597375085,87.1267565163263,3.6156899126648048,0.5058128591931523,90.03272874577803,-0.08389948287759408,-0.010578983219401483,0.08456381089499267,-2.9059722294517396
1785585413.3044286,3.535308642582175,0.5707563126384898,87.16123272492266,3.6156432933966496,0.5874129761483222,90.03272855195004,-0.08033465081447444,-0.016656663509832415,0.08204328467804858,-2.87149582702739
1785585414.3041742,3.536631119976594,0.5997229240888758,87.16480395669828,3.615629305396329,0.6118930071157549,90.03272867180428,-0.07899818541973502,-0.012170083026879053,0.07993012085873488,-2.867924715106001
1785585415.3059456,3.53763506640808,0.6230449355639605,87.06503797816339,3.6156130087203477,0.6404530198499585,90.03272872599408,-0.07797794231226796,-0.01740808428599805,0.0798974397948007,-2.9676907478306997
1785585416.3041918,3.539033990772426,0.6524024965236165,87.05003374342888,3.6155966940614324,0.6690130500752649,90.03272856565798,-0.07656270328900616,-0.01661055355164842,0.07834384483935272,-2.982694822229092
1785585417.3044498,3.540234111389103,0.6757024254806471,87.05003374342888,3.615580372302709,0.6975731048163829,90.03272852300331,-0.07534626091360597,-0.021870679335735832,0.07845626583178535,-2.9826947795744188
1785585418.3044474,3.541557627361293,0.701897593205189,87.05003374342888,3.6155663824486806,0.7220531475729319,90.03272859160566,-0.07400875508738736,-0.020155554367742967,0.07670425152138521,-2.9826948481767697
1785585419.3041866,3.542864055549843,0.7280823053775687,87.05003374342888,3.615552395730764,0.7465331701776186,90.03272872233211,-0.07268834018092063,-0.01845086480004987,0.07499352778824957,-2.9826949789032158
1785585420.304478,3.5441914731385404,0.7542875061322107,87.0464449142445,3.615536101686507,0.7750931837213426,90.03272864878714,-0.07134462854796642,-0.020805677589131877,0.07431643319340756,-2.986283734542643
1785585421.3052096,3.5456190322060146,0.7805610709608634,87.07191687578693,3.6155221135267688,0.7995732171809347,90.03272853123698,-0.06990308132075418,-0.019012146220071302,0.07244240803582763,-2.960811655450065
1785585422.3044078,3.546918388753376,0.8067499490583444,87.07191687578693,3.615505791453658,0.8281332725612187,90.03272852124765,-0.06858740270028196,-0.021383323502874307,0.07184342929732142,-2.960811645460731
1785585423.3046029,3.548242859309208,0.8328234159404228,86.99798759356416,3.6154918020705047,0.8526133121549813,90.03272861007088,-0.06724894276129678,-0.01978989621455851,0.07010035873442566,-3.034741016506718
1785585424.304966,3.5496002593143667,0.8590133457882767,86.97413633285865,3.6154754958049473,0.8811733322455368,90.03272876521838,-0.06587523649058058,-0.02215998645726014,0.06950260270289071,-3.0585924323597236
1785585425.30453,3.551119322660326,0.8852802827851864,86.97420746287554,3.615459191132503,0.90973335015831,90.03272861331074,-0.06433986847217721,-0.024453067373123583,0.06883001655507272,-3.0585211504351903
1785585426.30444,3.5525540216775213,0.9114782140559922,86.94138494546335,3.615442870582318,0.9382933992423195,90.03272851850109,-0.06288884890479673,-0.026815185186327306,0.06836710812333209,-3.091343573037729
1785585427.3044078,3.5539543871480688,0.9382004348938616,86.88057058527482,3.6154288802287313,0.9627734462172683,90.03272855186147,-0.06147449308066255,-0.024573011323406724,0.06620382303934345,-3.152157966586635
1785585428.3045034,3.555377096194431,0.9643851019411489,86.85326810635443,3.61541256065728,0.9913334821932449,90.0327286831686,-0.06003546446284869,-0.026948380252096005,0.0658063233396421,-3.1794605768141584
1785585429.3048651,3.5568460495281866,0.9906327773467547,86.82292968672171,3.6153985974065908,1.0158134928635536,90.03272871805467,-0.05855254787840414,-0.0251807155167989,0.06373750306523442,-3.2097990313329654
1785585430.3044703,3.55810049083588,1.0138979995682562,86.82292968672171,3.6153822797635953,1.0443735216053658,90.03272855399982,-0.057281788927715294,-0.03047552203710957,0.06488421060777173,-3.20979886727811
1785585431.304354,3.5598088099351406,1.0429039051350604,86.82292968672171,3.6153682896946977,1.068853567431837,90.0327285074822,-0.05555947975955711,-0.025949662296776532,0.061320802053376484,-3.2097988207605006
1785585432.3045416,3.5611795137645554,1.0662388383131618,86.82292968672171,3.61535196803707,1.097413618884136,90.0327285779568,-0.0541724542725146,-0.031174780570974114,0.06250217392664091,-3.209798891235103
1785585433.3046854,3.562504675993546,1.0924744005149403,86.83176393943857,3.6153379832300683,1.121893643017264,90.0327287220896,-0.05283330723652213,-0.02941924250232364,0.06047189581085802,-3.2009647826510235
1785585434.3044338,3.563937784329417,1.1185469959314227,86.80821050066078,3.6153216869097684,1.1504536550242128,90.03272867336055,-0.051383902580351304,-0.03190665909279011,0.06048421561738698,-3.2245181726997862
1785585435.304427,3.5653506313273784,1.144685792940845,86.76843755873679,3.6153053687081007,1.179013694073452,90.03272853820796,-0.049954737380722314,-0.034327901132606975,0.06061254476547717,-3.2642909794711694
1785585436.3047173,3.566850405157649,1.1709027574105273,86.7170005596934,3.615291378342226,1.2034937422598468,90.03272852491516,-0.048440973184577185,-0.03259098484931955,0.05838407468237809,-3.315727965221755
1785585437.3056028,3.5682899349763666,1.1970984882105309,86.67736453838289,3.615275057374543,1.232053788133768,90.03272862345165,-0.046985122398176316,-0.034955299923237204,0.05856171718362668,-3.3553640850687656
1785585438.3043733,3.56981005820641,1.2233286365084164,86.60933319454455,3.6152610796238545,1.256533804624992,90.03272873889138,-0.045451021417444615,-0.0332051681165757,0.05628835170387444,-3.423395544346838
1785585439.3045058,3.571308180974455,1.2494646407092804,86.5246949511031,3.615244777094402,1.285093822282263,90.03272860385125,-0.043936596119946714,-0.03562918157298256,0.056567332075747365,-3.508033652748157
1785585440.3042817,3.572755733782436,1.275621168386032,86.49648308819009,3.6152284562150463,1.3136538700332232,90.03272850696594,-0.042472722432610244,-0.0380327016471913,0.05701244202296391,-3.5362454187758448
1785585441.304538,3.574265878641934,1.301755690211801,86.46870362160826,3.6152144658523353,1.338133917149356,90.03272853739264,-0.0409485872104014,-0.03637822693755499,0.05477373631265354,-3.5640249157843895
1785585442.3042798,3.575870140154432,1.3279677475960048,86.46870362160826,3.615198146377614,1.36669395435321,90.03272867312903,-0.03932800622318178,-0.03872620675720517,0.05519430372142064,-3.564025051520769
1785585443.3046834,3.580621923844326,1.4064301780155117,86.43236057356835,3.6151538766235762,1.4442140368798975,90.03272851286556,-0.03453195277925003,-0.03778385886438573,0.05118667554581147,-3.6003679392972154
1785585444.3048904,3.5819500419388577,1.429613273887396,86.36427795495295,3.6151375548126614,1.4727740893808252,90.03272857261956,-0.033187512873803726,-0.043160815493429316,0.05444508246670893,-3.668450617666611
1785585445.3052726,3.5834184882851563,1.452156395227467,86.3704554825287,3.615126588499338,1.491965912727053,90.03272866728516,-0.03170810021418191,-0.039809517499586056,0.05089402030437811,-3.6622731847564562
1785585446.30443,3.583195041851906,1.448225635204764,86.3704554825287,3.6151314039838223,1.4835377055508858,90.03272862701324,-0.03193636213191642,-0.03531207034612183,0.04761169539462296,-3.66227314448454
1785585447.3042166,3.5820187645712105,1.4289648599462814,86.4036914231538,3.6151407299807508,1.4672176805225372,90.03272855614797,-0.033121965409540266,-0.038252820576255786,0.05059983077669331,-3.6290371329941684
1785585448.3045585,3.5809933442466892,1.4116903858588854,86.43241037425183,3.6151516113850803,1.4481776436447888,90.03272853256225,-0.034158267138391096,-0.03648725778590345,0.04998106836225753,-3.60031815831042
1785585449.304371,3.580081908654871,1.3948398440004741,86.55454153041453,3.615158970798727,1.4304705490392293,90.17203991666223,-0.03507706214385564,-0.035630705038755206,0.04999947429926325,-3.6174983862477017
1785585450.3053093,3.5797674519730043,1.392789787553937,88.53546266213583,3.615037145914625,1.4296632383068935,92.76385698873129,-0.035269693941620606,-0.03687345075295645,0.051025510101970505,-4.228394326595463
1785585451.30479,3.579664660279061,1.3948466481532242,93.22189202702286,3.614844102842266,1.4319374266886968,97.98753317756068,-0.03517944256320504,-0.0370907785354726,0.051120632150094915,-4.765641150537815
1785585452.3043828,3.5794397697490465,1.3971649588283122,98.48055173240708,3.6146714757592573,1.433980043691633,102.66279157896695,-0.03523170601021075,-0.03681508486332086,0.05095707587650058,-4.182239846559874
1785585453.3045745,3.579439982004543,1.399633615644857,104.06869490751512,3.6144632736223095,1.4363920357828515,108.11725993715498,-0.03502329161776663,-0.03675842013799446,0.05077216173046445,-4.0485650296398585
1785585454.3043125,3.5794215763133765,1.4019223289546427,109.16545276930871,3.614238513226745,1.438853898692582,113.57172857026661,-0.0348169369133684,-0.03693156973793932,0.05075588576054752,-4.4062758009579115
1785585455.3046277,3.5824779538355687,1.3963276447879631,113.13916462086833,3.618056095419355,1.4324458467918162,116.9678451002551,-0.03557814158378614,-0.03611820200385307,0.05069840899423835,-3.8286804793867764
1785585456.3042202,3.589445155367154,1.3808783388151185,114.28464352031735,3.626862532724144,1.4160379429114838,118.00865097789746,-0.037417377356990134,-0.035159604096365316,0.05134450202785637,-3.7240074575801065
1785585457.3051565,3.595752097585069,1.3666007995440603,114.28464352031735,3.634397029100522,1.4018728164611551,118.01205121077818,-0.038644931515452896,-0.035272016917094806,0.05232156256491072,-3.727407690460838
1785585458.3046744,3.5978789630359613,1.3615560924959065,116.05224751226402,3.636222564058656,1.398304954151795,119.96102421879381,-0.03834360102269452,-0.03674886165588842,0.053110362194125606,-3.908776706529797
1785585459.3044026,3.5976542614921767,1.361525259708296,121.97735353440213,3.636126420964775,1.3982208582858804,126.49397505806922,-0.0384721594725983,-0.03669559857758431,0.05316647448770929,-4.516621523667104
1785585460.3057592,3.597483646798432,1.3615291820364042,129.44966324907892,3.6360307872656215,1.398139215312019,134.52097855668765,-0.03854714046718932,-0.03661003327561474,0.05316179619462498,-5.071315307608743
1785585461.304329,3.597333459897112,1.3615391796110454,136.93076106933998,3.635958692589593,1.398059310382402,141.4012756868919,-0.03862523269248097,-0.03652013077135652,0.0531566416556321,-4.470514617551915
1785585462.3046296,3.597202555718714,1.3615450449337743,143.55250279100258,3.635887510959228,1.3979561417272524,149.4282886360913,-0.038684955240514185,-0.03641109679347809,0.053125264532655425,-5.875785845088738
1785585463.3055217,3.5969987483721124,1.361548496884425,151.89811318252035,3.6358385262593615,1.3978606186032043,156.30858527860778,-0.03883977788724913,-0.0363121217187794,0.05317046670897573,-4.410472096087447
1785585464.3050666,3.596964224492057,1.3615204781112087,159.28980686811454,3.6358064015558442,1.3977398032877582,164.14003338918138,-0.03884217706378701,-0.036219325176549466,0.0531088903602703,-4.850226521066845
1785585465.3048675,3.597238696507927,1.3613353249046487,163.3274566541032,3.6361672300246184,1.3975235919313467,168.12234964041912,-0.038928533516691566,-0.03618826702669797,0.053150930303765845,-4.794892986315922
1785585466.3046818,3.5972105441273166,1.360953449234555,165.78902259998867,3.6363457294128487,1.3974164424260498,170.51445184900288,-0.03913518528553217,-0.03646299319149482,0.05348936903550024,-4.725429249014229
1785585467.3051698,3.5965562897269234,1.3589581195162663,168.06120554287966,3.637265662070382,1.398154955582212,171.88620672037774,-0.040709372343458394,-0.039196836065945595,0.05651234337893757,-3.8250011774981
1785585468.3048398,3.596857017936616,1.3611497848814214,169.98051285877938,3.6380984753611907,1.4013327132019175,173.59164112551258,-0.041241457424574524,-0.04018292832049619,0.057580600369509245,-3.61112826673321
1785585469.304465,3.597023421610544,1.3641592632375275,171.562674886893,3.638803462037224,1.4050889364736876,175.23538183972994,-0.04178004042667993,-0.04092967323616015,0.05848769040810086,-3.672706952836946
1785585470.3045645,3.598244004315953,1.366927427955367,172.6514563260108,3.6420132807282206,1.4071510370966043,176.43169020474085,-0.043769276412267466,-0.04022360914123735,0.05944483400599673,-3.7802338787300584
1785585471.3047712,3.6152489899975953,1.3645076026843224,171.89576264210572,3.6570676014805743,1.4059013637591913,176.17087670771568,-0.04181861148297905,-0.04139376107486892,0.05884079981006105,-4.275114065609965
1785585472.304416,3.6345621421654863,1.3624791299420365,171.86912467088894,3.6760652030671235,1.4046314665980986,176.1708379253102,-0.041503060901637134,-0.042152336656062106,0.05915508050684234,-4.301713254421263
1785585473.3043222,3.6430997716781093,1.3568684250443772,177.67216009809735,3.683218473792067,1.3997061998463862,-177.84767586078635,-0.04011870211395774,-0.04283777480200901,0.058690588762561544,-4.480164041116304
1785585474.3043692,3.642252155805057,1.3540106003642682,179.1556246487294,3.682802589748327,1.3975777698982248,-176.65213754223146,-0.04055043394327029,-0.04356716953395656,0.05951836652822421,-4.192237809039144
1785585475.3048637,3.6429091003593728,1.3544863001704874,177.92110189708708,3.6834205989328943,1.3980994894996157,-178.11112664662187,-0.04051149857352154,-0.04361318932912828,0.059525555857386385,-3.9677714562910626
1785585476.3043184,3.6477944451083895,1.355843672217098,175.98606558934372,3.6899348666680973,1.3996422435128726,-179.9084972227877,-0.042140421559707875,-0.04379857129577469,0.06077935485657075,-4.1054371878685565
1785585477.3044508,3.666466959386801,1.3552458287770346,175.84685029578753,3.7062638054740944,1.3997119981317572,-179.92911790267257,-0.0397968460872935,-0.044466169354722584,0.05967435944841468,-4.2240318015399225
1785585478.3043303,3.6851012308751883,1.3542556306844125,175.82529173581977,3.72530381592834,1.399735561342657,-179.92911766045654,-0.04020258505315155,-0.045479930658244516,0.06070149864405832,-4.24559060372365
1785585479.3044024,3.6940274159010693,1.353932532380502,175.86122565786297,3.731840653639615,1.3997436455032983,-179.9291175524378,-0.03781323773854561,-0.04581111312279629,0.05940117030683325,-4.20965678969923
1785585480.3041048,3.6818261778008163,1.3544059061973694,175.82712057900102,3.719257383164396,1.3997280811117805,-179.92911777490554,-0.03743120536357969,-0.04532217491441104,0.05878090399052184,-4.243761646093441
1785585481.3048818,3.6677782909205057,1.3550135338162443,175.82537261753257,3.704977371980414,1.3997104059632908,-179.92911789782505,-0.03719908105990832,-0.04469687214704643,0.058151371535253106,-4.24550948464237
1785585482.304807,3.653565056388306,1.3556927736165731,175.8622115363057,3.6927373609174166,1.3996952541604188,-179.92911791691444,-0.03917230452911058,-0.0440024805438457,0.058912543113779234,-4.208670546779882
1785585483.3047616,3.639043341702689,1.3563029379596896,175.8622115363057,3.6784573503960907,1.3996775771895398,-179.92911785390126,-0.039414008693401836,-0.04337463922985019,0.0586073665131203,-4.208670609793032
1785585484.3043354,3.6246379105678597,1.3568398538244641,175.80793945347037,3.6662173454544806,1.3996624266845452,-179.9291177348308,-0.04157943488662097,-0.042822572860081065,0.0596877051983715,-4.262942811698859
1785585485.3071995,3.611765198776265,1.3572661624514744,175.80793945347037,3.6539773443476102,1.3996472783733318,-179.92911756209037,-0.04221214557134534,-0.04238111592185745,0.05981658817183047,-4.262942984439263
1785585486.304353,3.598474778306923,1.3577169305249424,175.83102374696463,3.641737335754619,1.3996321471093194,-179.9291174884772,-0.04326255744769636,-0.041915216584377024,0.06023731616058656,-4.239858764558175
1785585487.304281,3.589288168393646,1.3600140555254137,176.8025186517485,3.62832090561664,1.3996160923216254,179.99896147319336,-0.03903273722299394,-0.03960203679621177,0.05560463913674656,-3.196442821444867
1785585488.305286,3.5790778477211234,1.3599932751302108,177.2599175340574,3.6159985605229137,1.3996161365928592,179.99951139589075,-0.03692071280179032,-0.03962286146264837,0.05415819591050379,-2.7395938618333515
1785585489.3043349,3.5674946915030623,1.3605903725863022,177.2599175340574,3.603756369338247,1.3996161386630601,179.9994677793743,-0.036261677835184525,-0.039025766076757895,0.053272128710053816,-2.739550245316904
1785585490.3043454,3.5544074281449833,1.3612727592277323,177.2599175340574,3.5915163180159295,1.399616245419113,179.99946763878367,-0.03710888987094618,-0.03834348619138073,0.05336002849289547,-2.7395501047262867
1785585491.305145,3.542752659077195,1.3618578276494637,177.2580032434754,3.5772362896947287,1.3996163677914892,179.99946755102795,-0.03448363061753357,-0.03775854014202551,0.05113539023243541,-2.741464307552534
1785585492.304412,3.53261208136456,1.3623874785163255,177.2580032434754,3.569534916184964,1.3996164333904226,179.9994675424524,-0.03692283482040404,-0.037228954874097164,0.052433680132071635,-2.7414642989769953
1785585493.3045027,3.512914044267532,1.3633587809633791,177.23045465763136,3.5472433256545166,1.3996166249642825,179.9994676588405,-0.034329281386984434,-0.03625784400090337,0.04993126087072707,-2.7690130012091414
1785585494.3045878,3.4871406306964046,1.3646299469213077,177.20593821554144,3.5186832841266305,1.3996168988542075,179.99946805830953,-0.031542653430225887,-0.0349869519328998,0.04710653660559628,-2.7935298427680766
1785585495.3042731,3.461419601864887,1.3658428191626444,177.18209193573804,3.4901232449914197,1.3996171820091443,179.99946798651854,-0.02870364312653262,-0.03377436284649993,0.04432388424340062,-2.8173760507804904
1785585496.3041866,3.4399971954001813,1.3669026299635014,177.11276690137706,3.465643218052791,1.3996174135213857,179.99946766802387,-0.025646022652609624,-0.032714783557884264,0.041568925186217895,-2.8867007666468067
1785585497.3052826,3.4130311671652733,1.368304671580693,177.11276690137706,3.437083171781379,1.3996176590446745,179.9994675856407,-0.02405200461610546,-0.03131298746398148,0.039484200764009644,-2.886700684263647
1785585498.3042865,3.3869025024163277,1.369520426952406,177.11276690137706,3.4126031417965326,1.3996178704960633,179.99946777097284,-0.025700639380204837,-0.0300974435436574,0.0395775058892672,-2.886700869595789
1785585499.304415,3.3609328090970303,1.3707384273811292,177.11276690137706,3.384043103777283,1.3996181540674741,179.99946795454085,-0.023110294680252608,-0.028879726686344975,0.036988164778562586,-2.886701053163793
1785585500.304258,3.331892288460686,1.372137669059273,177.11276690137706,3.3554830664443154,1.3996184457497214,179.99946779866306,-0.02359077798362952,-0.02748077669044835,0.03621764616016878,-2.8867008972860035
1785585501.3044918,3.30580014510992,1.3734059469305921,177.11276690137706,3.326923020065557,1.3996186938433435,179.9994675451312,-0.021122874955636917,-0.026212746912751328,0.033664282958403076,-2.886700643754169
1785585502.3042636,3.279636078733145,1.374746820094187,177.1402932941089,3.302442981827256,1.3996189031197743,179.99946759695825,-0.022806903094111153,-0.0248720830255873,0.033745745550748836,-2.85917430284938
1785585503.304228,3.253567684370486,1.3758381949930178,177.1675006939946,3.2738829422419258,1.3996191689903807,179.9994680010992,-0.02031525787143984,-0.023780973997362898,0.03127689924922784,-2.8319673071045828
1785585504.3048627,3.175956185295125,1.3794093654845647,177.15300994741241,3.1922828303265582,1.3996199378663605,179.99946756223758,-0.01632664503143344,-0.0202105723817958,0.025981273525026393,-2.846457614825175
1785585505.3044777,3.1471712495692907,1.3807776645343013,177.2091393714595,3.1637227921211744,1.3996201836405127,179.99946773415496,-0.016551542551883625,-0.018842519106211375,0.02507975452660482,-2.790328362695498
1785585506.3048086,3.1207839894127756,1.382093596496927,177.26152787288368,3.1351627556402715,1.3996204630012135,179.99946794259571,-0.014378766227495898,-0.017526866504286476,0.022670244102877584,-2.7379400697120384
1785585507.3044143,3.0944565256691807,1.3833469193374777,177.24133598941262,3.106602717927472,1.3996207584375937,179.9994678272839,-0.012146192258291055,-0.01627383910011604,0.020306841837957845,-2.758131837871275
1785585508.3047845,3.0654823423459545,1.384769981873709,177.24133598941262,3.0780426724353074,1.3996210075222097,179.99946754334508,-0.012560330089352867,-0.014851025648500826,0.019450317600644272,-2.7581315539324467
1785585509.3047256,3.0393578796994696,1.385968110039025,177.24133598941262,3.0494826278994474,1.3996212518055207,179.99946759911342,-0.010124748199977773,-0.013653141766495569,0.01699761177957006,-2.7581316097007758
1785585510.304277,3.013218639037577,1.3871833954971762,177.24133598941262,3.0250025941180017,1.3996214795507114,179.99946796423643,-0.011783955080424846,-0.012438084053535192,0.017133812543047067,-2.758131974823797
1785585511.3046615,2.984303154931304,1.3886154489047322,177.24133598941262,2.9964425521147433,1.3996217623941205,179.99946804114865,-0.012139397183439371,-0.011006313489388297,0.016386088630420213,-2.758132051736021
1785585512.3047547,2.9581330647821535,1.3898818463496239,177.29952662314494,2.967882521250745,1.3996220395671668,179.99946770115542,-0.0097494564685916,-0.009740193217542936,0.013781265012618834,-2.699941078010488
1785585513.3055851,2.9320911509956673,1.391003911363285,177.29952662314494,2.9393224758134613,1.3996222864406547,179.99946755758614,-0.007231324817793983,-0.008618375077369622,0.011250264334435392,-2.699940934441217
1785585514.3042924,2.9062146087434497,1.3921758049274595,177.2839666117822,2.91076243879872,1.3996225325688987,179.999467745486,-0.004547830055270374,-0.007446727641439166,0.008725623804484965,-2.715501133703782
1785585515.3043885,2.880116773669703,1.3933838168217991,177.29594960838688,2.8862824075440994,1.3996227720274343,179.99946793246187,-0.006165633874396281,-0.0062389552056352215,0.008771522281281951,-2.7035183240749876
1785585516.304785,2.8510045977472416,1.3947552067589393,177.31052912575043,2.8577223691842555,1.3996230700546257,179.99946785418518,-0.0067177714370139086,-0.004867863295686448,0.008296056059685905,-2.688938728434764
1785585517.3054636,2.8251147932423453,1.3959445634571714,177.31052912575043,2.8291623247941393,1.3996233212012776,179.99946754758932,-0.004047531551794048,-0.003678757744106198,0.005469531077029333,-2.688938421838886
1785585518.304258,2.798808544599214,1.3972588722408383,177.2469196373761,2.8006022792090697,1.3996235653619737,179.99946757552019,-0.0017937346098557683,-0.0023646931211354083,0.0029680393204503785,-2.7525479381440694
1785585519.3043778,2.772657962237068,1.3984997338833982,177.3255641296867,2.7720422397877575,1.3996238302372386,179.9994679769246,0.0006157224493104074,-0.0011240963538403648,0.0012816812190642453,-2.673903847237886
1785585520.3042934,2.7435544788100845,1.399835546748867,177.3616099561085,2.7475622035070484,1.399624072758979,179.99946804708205,-0.004007724696963866,0.00021147398988796695,0.004013300199966761,-2.6378580909735247
1785585521.3043485,2.7173938808724296,1.4009837230306228,177.40105950458354,2.7190021726094926,1.3996243523825824,179.99946772343435,-0.0016082917370630057,0.00135937064804037,0.002105823086172919,-2.598408218850793
1785585522.3043244,2.6913690852369854,1.4021712188694357,177.40105950458354,2.690442127949758,1.3996246001894268,179.99946754940416,0.0009269572872274701,0.0025466186800089385,0.002710076846459262,-2.598408044820612
1785585523.3045979,2.6652211936529184,1.4033581992901851,177.43154646415545,2.6659620933544077,1.3996248103006503,179.99946767306471,-0.0007408997014892726,0.0037333889895347916,0.003806195701070362,-2.567921208909255
1785585524.304609,2.6390821219441265,1.4044408072694958,177.4099225671584,2.6374020594884993,1.3996250811417421,179.99946792103708,0.0016800624556272403,0.004815726127753717,0.0051003752795591465,-2.58954535387869
1785585525.3046699,2.6129872986325857,1.4055362018790343,177.36751083934502,2.6088420203273914,1.3996253798627838,179.9994678691608,0.004145278305194289,0.005910822016250483,0.007219497845093235,-2.6319570298158093
1785585526.3043706,2.5870050090574344,1.406681288964158,177.42938813938548,2.580281977145015,1.3996256348647234,179.9994675546091,0.006723031912419408,0.0070556540994346495,0.00974584079832411,-2.5700794152236273
1785585527.304586,2.55794652118179,1.40795276273593,177.46776360726298,2.55580193658338,1.3996258440509002,179.99946753465088,0.0021445845984100487,0.008326918685029883,0.00859865209709274,-2.531703927387876
1785585528.3045862,2.5319079632849584,1.4090889763180914,177.46776360726298,2.52724189769818,1.3996261009815814,179.99946788402423,0.004666065586778512,0.009462875336510024,0.010550742992531302,-2.5317042767612477
1785585529.3043222,2.508669954594055,1.4100977005269806,177.42870942935735,2.5027618608215465,1.3996263426107238,179.99946805682728,0.005908093772508671,0.010471357916256752,0.012023098961378828,-2.570758627469942
1785585530.3047957,2.482077036080705,1.4114258156452741,177.32558215731737,2.474201827475113,1.3996266246604514,179.9994678237435,0.007875208605591766,0.011799190984822738,0.014185902103070809,-2.673885666426131
1785585531.3046741,2.4588117032525716,1.4124450814156946,177.32558215731737,2.4497217939822,1.399626844026106,179.99946756472912,0.009089909270371788,0.01281823738958865,0.01571412295737307,-2.6738854074117575
1785585532.3047855,2.4326356756367113,1.4136487869851877,177.32558215731737,2.4252417547687286,1.3996270535134996,179.9994675873999,0.0073939208679827395,0.014021733471688114,0.01585178461098464,-2.6738854300825476
1785585533.3043382,2.4093903232195286,1.4146863075069205,177.34980488960028,2.4007617286583445,1.3996272669711467,179.99946782691296,0.008628594561184144,0.015059040535773782,0.017355902337803545,-2.649662937312696
1785585534.3042822,2.3281985655429773,1.418338670056321,177.3745397459987,2.3150816015255904,1.3996280881929501,179.99946750564553,0.013116964017386934,0.018710581863370823,0.02285039646700522,-2.624927759646816
1785585535.3044453,2.3022379770669774,1.4194542215911816,177.35147281979457,2.2906015663060324,1.3996282982575612,179.9994676235255,0.011636410760945015,0.019825923333620432,0.02298854696208597,-2.6479948037309464
1785585536.3044846,2.2763195897553934,1.4206397106519952,177.31912977632604,2.2620415247957117,1.3996285720945827,179.99946802187802,0.014278064959681647,0.021011138557412545,0.025403367541955477,-2.680338245552001
1785585537.3043675,2.250268277175124,1.4218084351495641,177.3063478243463,2.233481485651065,1.3996288552707745,179.99946795047097,0.01678679152405893,0.0221795798787896,0.027816004984034377,-2.693120126124699
1785585538.304347,2.2241943008706473,1.4230361733249874,177.2992371288453,2.204921452547171,1.399629122368372,179.99946759793673,0.01927284832347631,0.02340705095661555,0.030320499946163825,-2.700230469091413
1785585539.3046339,2.1953747894066806,1.4244238300074332,177.29652069290978,2.176361406333706,1.3996293672464657,179.9994675669361,0.019013383072974843,0.02479446276096753,0.031245385571067798,-2.702946874026304
1785585540.3056433,2.172713982874129,1.4255315101717139,177.36108939430815,2.1518813793027207,1.3996295798137344,179.9994677877625,0.02083260357140837,0.025901930357979497,0.033240146928572335,-2.6383783934543716
1785585541.3043413,2.149458443596944,1.4265801345670168,177.39143339348504,2.1274013444420383,1.3996298273976602,179.99946791966497,0.022057099154905835,0.026950307169356646,0.034825776081115895,-2.6080345261799263
1785585542.3044603,2.123383992071368,1.4276471892051528,177.36454149631214,2.0988413071034806,1.3996301190920684,179.99946776398164,0.024542684967887585,0.028017070113084408,0.03724647101611726,-2.634926267669504
1785585543.3042958,2.0973850247243826,1.428736328715732,177.29023232650496,2.074361267753589,1.3996303322934964,179.9994675255872,0.023023756970793396,0.029105996422235547,0.03711135153536376,-2.7092351990822277
1785585544.3045936,2.0741382014744185,1.4297802309493264,177.28544610646213,2.0498812280597916,1.399630541435474,179.99946753770465,0.02425697341462696,0.03014968951385244,0.03869631167203953,-2.714021431242509
1785585545.3046224,2.05089839944222,1.4309257601212755,177.28381476847272,2.025401195113078,1.3996307624710007,179.99946785855144,0.02549720432914171,0.03129499765027477,0.040366871398867486,-2.715653090078699
1785585546.304513,2.0277509461130054,1.4319887777004052,177.34015232319143,2.000921158228742,1.3996310039502284,179.99946804477364,0.02682978788426338,0.03235777375017679,0.04203406999068965,-2.659315721582213
1785585547.307152,2.002180662001799,1.4329864511361632,177.42552485532434,1.9723611243559347,1.3996312861540585,179.99946782358924,0.02981953764586409,0.03335516498210467,0.044741165121133436,-2.5739429682648947
1785585548.3048794,1.9838392438528867,1.4338835802075727,177.44800111690765,1.9478810915639193,1.3996315064612443,179.99946755702146,0.03595815228896737,0.034252073746328326,0.04966078203130196,-2.5514664401138236
1785585549.3068662,1.9621200835460033,1.43497176905372,177.38468291375656,1.9234010521337985,1.3996317159735212,179.99946757097092,0.038719031412204785,0.03534005308019883,0.05242215891405629,-2.6147846572143503
1785585550.3048096,1.9404798547382827,1.4361070041695239,177.36623594351528,1.8948410210068503,1.3996319676161346,179.99946784708095,0.045638833731432404,0.03647503655338924,0.058423723228979624,-2.6332319035656786
1785585551.3045897,1.9157537458295713,1.4372818430269358,177.22636781160696,1.870360984223242,1.399632222138687,179.99946791270855,0.04539276160632921,0.03764962088824886,0.05897454331555184,-2.7731001011015888
1785585552.3048737,1.8939623113521327,1.4384822380274769,177.18689844624518,1.841800946917939,1.3996325044321716,179.9994676782431,0.05216136443419361,0.0388497335953053,0.06503929381583838,-2.8125692319979114
1785585553.304372,1.8675180145106305,1.4400318492644815,177.20714164284638,1.8132408991762172,1.3996327507123945,179.99946749716997,0.05427711533441326,0.04039909855208701,0.06766160220425199,-2.792325854323589
1785585554.3064942,1.8414239320283678,1.4413018175016281,177.182706005763,1.7887608635711696,1.3996329606423195,179.99946760640617,0.05266306845719826,0.041668856859308656,0.06715424343471606,-2.816761600643166
1785585555.30436,1.8153429009305282,1.4424927469575561,177.1899591764087,1.7602008223326293,1.3996332335108828,179.99946800858078,0.05514207859789888,0.04285951344667338,0.06983972168460033,-2.809508832172074
1785585556.3049366,1.7893264098633879,1.4437776248931375,177.19118965766606,1.7316407828425031,1.3996335167100704,179.99946795020935,0.057685627020884755,0.04414410818306713,0.07263837726760534,-2.8082782925432856
1785585557.3049188,1.763140062159303,1.4450457502720013,177.19936605777818,1.707160756183219,1.3996337491379918,179.99946763161137,0.055979305976084026,0.04541200113400956,0.07208281726291865,-2.800101573833204
1785585558.3044667,1.7369916026944325,1.4463117197109703,177.23153269026704,1.6786007099892417,1.399633994861205,179.9994675394637,0.05839089270519082,0.04667772484976518,0.07475497540672121,-2.7679348491966547
1785585559.3044052,1.7109374885437438,1.447469922170679,177.18552466108235,1.6500406761828703,1.3996342420862473,179.99946776715467,0.06089681236087352,0.04783568008443173,0.07743819499998393,-2.813943106072335
1785585560.3045607,1.6823283326670473,1.4488784981349916,177.1976666096626,1.6255606419564523,1.3996344883472012,179.99946791103974,0.056767690710594954,0.04924400978779042,0.07515013778160202,-2.801801301377124
1785585561.3047402,1.6599100650823038,1.4499656719562202,177.02996810491882,1.5970006045163874,1.3996347813086198,179.99946776843757,0.0629094605659164,0.050330890647600324,0.08056549374313604,-2.96949966351874
1785585562.3083713,1.6316661205287324,1.4515081808754329,176.94042188030588,1.5684405584232897,1.399635029742004,179.9994675051866,0.06322556210544272,0.05187315113342894,0.08178199992700567,-3.059045624880706
1785585563.3043056,1.6061951090888302,1.4529748248191685,176.9048334781228,1.5398805146815309,1.3996352741851257,179.99946757998802,0.06631459440729937,0.05333955063404283,0.08510424838541399,-3.094634101865217
1785585564.3045416,1.5805892036029183,1.454511542174938,176.96018767069648,1.5154004804457242,1.3996355038800679,179.9994679511448,0.06518872315719415,0.05487603829487009,0.08521120352280767,-3.039280280448327
1785585565.3049426,1.4985678802968467,1.45888650202259,177.0723631891487,1.4297203619834535,1.3996363087198547,179.9994675281653,0.0688475183133932,0.0592501933027354,0.09083262731158073,-2.927104339016616
1785585566.3046658,1.4724217472568926,1.4601871822591772,177.0723631891487,1.4052403298351883,1.3996365195003917,179.99946768721873,0.06718141742170425,0.06055066275878551,0.09044183549285939,-2.927104498070024
1785585567.304922,1.446365305862588,1.4614364541773215,177.0723631891487,1.3766802938318898,1.39963679747115,179.9994679034726,0.06968501203069821,0.06179965670617138,0.09314074549153656,-2.927104714323926
1785585568.3040502,1.4173232016888009,1.4628996205823712,177.0181646709192,1.3481202559341072,1.3996370941295981,179.99946780267388,0.06920294575469366,0.06326252645277308,0.0937613723999115,-2.9813031317546863
1785585569.305084,1.3940073308789411,1.464208477582781,177.05212097805574,1.3195602107831421,1.3996373435835365,179.99946750916783,0.07444712009579901,0.06457113399924452,0.09854849078756464,-2.947346531112083
1785585570.304465,1.3649984494989618,1.4656619315102775,177.03345438121406,1.2950801713517965,1.3996375527418636,179.99946752939488,0.06991827814716522,0.06602437876841383,0.09616540027899503,-2.9660131481808256
1785585571.3048763,1.3388994441898114,1.4670800503637287,177.05744971288732,1.266520132296043,1.3996378146294837,179.9994679174841,0.07237931189376834,0.06744223573424502,0.09893037931317594,-2.9420182045967724
1785585572.3041904,1.3130899110987908,1.4683951920726415,177.0049231535965,1.237960090126121,1.399638097402788,179.99946800932184,0.07512982097266985,0.06875709466985347,0.1018431542462458,-2.994544855725332
1785585573.3043604,1.2839707645753902,1.4699087744092685,177.03321410729865,1.2094000592772916,1.3996383754257313,179.99946767445343,0.07457070529809862,0.07027039898353715,0.10246325713133159,-2.966253567154767
1785585574.304902,1.2649460821561067,1.4708632608792185,177.105057893978,1.1808400140749158,1.3996386226041007,179.99946752107675,0.08410606808119092,0.07122463827511782,0.11021243026763951,-2.894409627098773
1785585575.3049748,1.2358393957846174,1.4723650160619686,177.105057893978,1.1563599804233635,1.3996388329641491,179.99946765925114,0.07947941536125391,0.07272618309781942,0.10773149573891694,-2.8944097652731373
1785585576.3042648,1.2068263052326367,1.4739046772059452,177.105057893978,1.1277999457546608,1.3996391066742802,179.99946789584192,0.07902635947797587,0.07426557053166505,0.10844602555527788,-2.894410001863938
1785585577.305293,1.1835320041083575,1.475057669668944,177.1321368976465,1.0992399071039731,1.3996394050335614,179.99946782674536,0.08429209700438434,0.07541826463538248,0.11310646426269863,-2.867330929098852
1785585578.3043523,1.154559360898605,1.4764913774546469,177.160880217979,1.0706798631468226,1.3996396574041507,179.9994675171251,0.08387949775178227,0.07685172005049612,0.11376272244373846,-2.83858729914609
1785585579.3047738,1.1285306991196407,1.4777807658221822,177.16535117376534,1.0421198172619717,1.3996399015631567,179.99946753610567,0.08641088185766899,0.07814086425902556,0.11650251143459305,-2.8341163623403336
1785585580.3041546,1.1024009745540344,1.4790002352047595,177.1561995440357,1.0176397841015765,1.3996401254704929,179.99946788081022,0.08476119045245789,0.07936010973426666,0.11611410949558493,-2.8432683367745306
1785585581.3040996,1.07339284918416,1.480406741179982,177.14872523601042,0.9890797415647662,1.399640407913441,179.99946801710047,0.08431310761939381,0.08076633326654092,0.116755730933267,-2.8507427810900423
1785585582.3050816,1.050389607288044,1.4815650328253098,177.11420075084993,0.9605197105609764,1.3996406882113903,179.99946770110645,0.08986989672706769,0.08192434461391951,0.12160672916477136,-2.885266950256543
1785585583.3042657,1.0212798259273013,1.4830266140401134,177.10731907512698,0.9360396730689242,1.3996409016079032,179.99946751932544,0.08524015285837705,0.08338571243221016,0.11924370296643229,-2.892148444198448
1785585584.30537,0.9952359462021599,1.4843587429038767,177.07958837869717,0.9033996269201287,1.399641181989637,179.999467672725,0.09183631928203129,0.08471756091423965,0.12494388607102429,-2.9198792940278033
1785585585.3072581,0.9691759837101637,1.4857078093132197,177.06759893043187,0.8789195977088917,1.399641415967348,179.9994678866877,0.09025638600127195,0.08606639334587163,0.12471423045337246,-2.9318689562558284
1785585586.3041923,0.9428225322842898,1.4870322082801986,177.0200044814232,0.850359558272012,1.3996417147923217,179.99946784352335,0.09246297401227777,0.08739049348787686,0.1272261762187711,-2.9794633621001525
1785585587.3059309,0.9167550198904981,1.4882978595395515,176.93127663887083,0.8217995154860357,1.3996419711949541,179.99946752778817,0.09495550440446243,0.08865588834459737,0.12990925430805766,-3.0681908889173304
1785585588.3042445,0.8876929835012322,1.4898302483088004,176.93127663887083,0.7973194747597397,1.399642180429757,179.9994675001365,0.09037350874149241,0.09018806787904343,0.12767638258504801,-3.0681908612656392
1785585589.3042588,0.8615856443434903,1.4911761915176691,176.8981096804883,0.7687594358422656,1.3996424364102977,179.99946784003652,0.0928262085012247,0.09153375510737138,0.13036538385924798,-3.101358159548237
1785585590.304348,0.8355504357525873,1.492557752528132,176.8981096804883,0.7401993930999771,1.399642718423784,179.99946802168245,0.09535104265261019,0.09291503410434787,0.13313536306162993,-3.1013583411941674
1785585591.3041272,0.8065492278703488,1.4940305469941417,176.92338729846944,0.7116393615062286,1.3996429997443198,179.99946773650302,0.09490986636412013,0.0943875472498219,0.1338539943710777,-3.076080438033581
1785585592.304112,0.7833224983874999,1.4953092862126733,176.88949321175485,0.6871593253599069,1.3996432154612886,179.99946752161264,0.09616317302759303,0.09566607075138478,0.13564421454578796,-3.1099743098577886
1785585593.3042653,0.7549465002809493,1.4968573229685227,176.8480399966043,0.658599282177555,1.3996434601583911,179.9994676094316,0.0963472181033943,0.09721386281013156,0.1368697247704185,-3.151427612827293
1785585594.3047702,0.7321150912483676,1.4981246823340622,176.7298349985952,0.6300392496821714,1.3996437253624046,179.9994678759973,0.1020758415661962,0.0984809569716576,0.14183785220279058,-3.2696328774021097
1785585595.3046186,0.6548496040024712,1.5027321997362582,176.58632844525982,0.552519133078005,1.399644459518759,179.99946747794084,0.10233047092446612,0.10308774021749922,0.14525359707344124,-3.413139032681
1785585596.3045201,0.6280680839410607,1.504428084523985,176.6146882711478,0.5239590931357863,1.3996447081061079,179.99946771400138,0.10410899080527447,0.10478337641787716,0.14770997914840844,-3.3847794428535734
1785585597.3043268,0.5990307638830077,1.5060943370867472,176.6146882711478,0.4953990506265622,1.3996449884260866,179.99946801892048,0.10363171325644549,0.10644934866066058,0.14856310384057347,-3.3847797477726895
1785585598.3044345,0.5729500642259537,1.5076167846362618,176.6146882711478,0.4668390152479167,1.3996452710187648,179.9994678340675,0.10611104897803703,0.10797151361749702,0.15138494795742646,-3.384779562919691
1785585599.3049145,0.5467603069955064,1.509084537436523,176.6146882711478,0.4423589843178075,1.3996454941646603,179.9994675473248,0.10440132267769886,0.1094390432718626,0.1512499268400273,-3.384779276176987
1785585600.3043957,0.5207238025114435,1.5106214827016762,176.6146882711478,0.4137989386412533,1.3996457387883248,179.99946755692895,0.10692486387019018,0.11097574391335141,0.1541056204386474,-3.3847792857811427
1785585601.3046036,0.4946080700566508,1.5121619443468914,176.6146882711478,0.3852389076252307,1.399645993052816,179.9994678348693,0.10936916243142009,0.11251595129407543,0.1569122461331846,-3.384779563721496
1785585602.3044167,0.46831147394097106,1.5136663285893084,176.6146882711478,0.3566788651980817,1.3996462909403093,179.99946787664746,0.11163260874288938,0.11402003764899904,0.15956944670024453,-3.3847796054996593
1785585603.3051302,0.43989108207831334,1.5153411316954541,176.59020534967866,0.32811882670983605,1.3996465632533481,179.99946758904628,0.11177225536847729,0.11569456844210602,0.16086724413988465,-3.409262239367604
1785585604.304982,0.4140343947650348,1.516818114918177,176.56486250806003,0.30363878524475485,1.3996467734905491,179.99946747412503,0.11039560952027994,0.11717134142762786,0.16098544609157645,-3.434604966065014
1785585605.309068,0.3881952095000141,1.5183196023338954,176.53317358193652,0.27507874463665805,1.3996470198289743,179.99946766362407,0.11311646486335608,0.11867258250492108,0.1639466878639827,-3.4662940816875247
1785585606.304831,0.36256096485740297,1.5198741574280688,176.53317358193652,0.2505987086244448,1.3996472585448747,179.99946799541175,0.11196225623295819,0.12022689888319404,0.1642864998587661,-3.466294413475203
1785585607.3050034,0.3369184894638645,1.5214537451635348,176.59317225478756,0.22203866983278475,1.3996475417079366,179.99946791137452,0.11487981963107974,0.12180620345559823,0.1674339396858833,-3.4062956565869635
1785585608.3045728,0.30978025904369905,1.5230572028162552,176.59317225478756,0.19347863633994034,1.3996478078451653,179.99946756166648,0.11630162270375871,0.12340939497108994,0.1695757830902099,-3.4062953068789206
1785585609.3045182,0.28363067245641826,1.524582509927058,176.59317225478756,0.16899859626218183,1.3996480177232136,179.99946752318485,0.11463207619423643,0.12493449220384445,0.1695557142500178,-3.406295268397288
1785585610.3047042,0.2574371485221142,1.5261057964808928,176.62170662069028,0.14043856359490703,1.399648265491137,179.9994677694213,0.11699858492720716,0.12645753098975576,0.17227935459303864,-3.3777611487310266
1785585611.3048584,0.23137868904571485,1.5276469558229477,176.62170662069028,0.11187852231848439,1.399648557267295,179.99946788852722,0.11950016672723046,0.12799839855565276,0.17511105013861236,-3.377761267836947
1785585612.304415,0.20236579237542052,1.529345044689553,176.62170662069028,0.08739849103177488,1.399648804818121,179.9994677222437,0.11496730134364563,0.12969623987143186,0.17331645915789018,-3.377761101553452
1785585613.3045783,0.17629015339191575,1.5308718291813783,176.62170662069028,0.058838444412665725,1.3996490526398557,179.99946747975497,0.11745170897925003,0.1312227765415226,0.17610883290003604,-3.3777608590647064
1785585614.3045335,0.15030960142259098,1.5323577601476424,176.61960489510994,0.03027840149279548,1.3996492972859307,179.99946757398854,0.1200311999297955,0.13270846286171167,0.1789386069905118,-3.3798626788786157
1785585615.3061104,0.12428851478570913,1.5339118023587415,176.61960489510994,0.0017183605138704205,1.3996495691880262,179.99946797937568,0.1225701542718387,0.13426223317071528,0.18179601198653908,-3.3798630842657547
1785585616.3048713,0.0985259689276625,1.5353662824507406,176.61960489510994,-0.026841679307950228,1.3996498524089414,179.99946793416967,0.12536764823561272,0.13571643004179923,0.18475929369701247,-3.379863039059742
1785585617.3045413,0.07010801678061085,1.5370012861946531,176.61960489510994,-0.05540171173755959,1.3996501214403962,179.99946757880713,0.12550972851817044,0.1373511647542569,0.18605922286211954,-3.3798626836971817
1785585618.3044639,0.045054749122821154,1.53842725524406,176.61960489510994,-0.07887529074901467,1.3996503230776276,179.99946751397573,0.12393003987183582,0.1387769321664325,0.18605830184155026,-3.3798626188657988
1785585619.3106565,0.036364239585201796,1.5389121302370081,176.61960489510994,-0.08568946297854985,1.3996503812926737,179.99946754830944,0.12205370256375164,0.1392617489443344,0.18517813323542168,-3.379862653199505
1785585620.304534,0.04982666348960298,1.5382154240215111,176.61960489510994,-0.06907533603758997,1.399650239397555,179.99946753825765,0.11890199952719296,0.13856518462395617,0.1825869543024245,-3.3798626431477046
1785585621.3045723,0.06730406537698187,1.5371402767508697,176.61960489510994,-0.05275531362258046,1.3996500991779492,179.99946763604015,0.12005937899956233,0.13749017757292048,0.1825316504466931,-3.37986274093022
1785585622.304391,0.08632311293185584,1.53604373817276,176.61960489510994,-0.03371528748135799,1.3996499206526232,179.9994679353204,0.12003840041321383,0.1363938175201369,0.18169339842569807,-3.3798630402104664
1785585623.3057046,0.09718646561440834,1.5354064658398003,177.17694629866799,-0.02265644664023858,1.3996130968033023,-179.30797271560994,0.11984291225464692,0.13579336903649808,0.18111367339866297,-3.5150809857220713
1785585624.3041346,0.09725566604614941,1.5351440601055943,-179.65992415447718,-0.022652316429259134,1.399496025753399,-176.22912738554845,0.11990798247540854,0.1356480343521953,0.18104782098919953,-3.4307967689287193
1785585625.3045855,0.09450601507818754,1.5343757323507419,-166.29568299330657,-0.02562266367602528,1.3986190663263636,-162.7196162216266,0.12012867875421282,0.1357566660243783,0.18127540326610075,-3.5760667716799657
1785585626.3049212,0.09219309633252763,1.5340108388552829,-161.27063742204305,-0.027958300171106787,1.398075131165116,-157.26514427298218,0.12015139650363442,0.13593570769016683,0.18142457029575695,-4.005493149060864
1785585627.304366,0.08956707523887944,1.5335936674453494,-155.64772282108757,-0.03032909603317835,1.397516290185925,-151.81072810479384,0.11989617127205779,0.13607737725942437,0.1813619157582493,-3.8369947162937237
1785585628.3043625,0.08877023435552726,1.5339533163951975,-148.60317643490615,-0.03086103182636446,1.3979637962600084,-144.01559618207622,0.11963126618189172,0.13598952013518906,0.18112092489516948,-4.587580252829918
1785585629.3046052,0.08827051816369147,1.5344323943668146,-141.1737232224243,-0.03127808702624346,1.3984611630735668,-135.98835797172032,0.11954860518993493,0.13597123129324773,0.18105260214164504,-5.185365250703967
1785585630.3042624,0.087629105465901,1.5349454740117083,-132.98141984192205,-0.03176041287576936,1.3988953289365322,-127.96112051292452,0.11938951834167036,0.1360501450751761,0.1810069033623649,-5.020299328997522
1785585631.3047526,0.08690889343764416,1.5353594502512418,-125.61396932581741,-0.03229852431903946,1.3992578077459377,-119.93388360451922,0.11920741775668361,0.1361016425053041,0.18092558011751153,-5.680085721298183
1785585632.3042264,0.08615503619602044,1.5357530422594456,-118.19547285734217,-0.03279615596434815,1.3995060348563944,-113.05339530314833,0.11895119216036859,0.1362470074030513,0.1808663405464379,-5.142077554193822
1785585633.304256,0.08542399150035047,1.5360374017296183,-110.13213999023414,-0.033408958429248736,1.3997181795009879,-105.29878507908538,0.11883294992959921,0.13631922222863047,0.18084302678839836,-4.8333549111487635
1785585634.304378,0.08480632331092071,1.5361846261008902,-104.8477849531098,-0.03404245123156335,1.3998573140921926,-99.85006535037428,0.11884877454248406,0.13632731200869763,0.18085952341462974,-4.997719602735514
1785585635.3044243,0.08426079922003513,1.536275595275503,-101.17787247199335,-0.03468492206711926,1.3999467384979396,-96.08965111549324,0.11894572128715439,0.13632885677756335,0.18092440908511706,-5.088221356500108
1785585636.3041925,0.08368227180549422,1.5362533058724315,-97.32158304484962,-0.03533174193755961,1.3999952762319663,-92.4775216667795,0.11901401374305383,0.13625802964046518,0.18091596421746117,-4.844061378070124
1785585637.304204,0.08331406632471157,1.538654586035949,-94.42600337364586,-0.0359625429320507,1.4048964833715307,-89.68616775078203,0.11927660925676227,0.13375810266441834,0.17921534405339132,-4.739835622863819
1785585638.304607,0.08464655532856938,1.5552879601469123,-94.24033134449554,-0.03613955416816417,1.4211145582497458,-89.61782880926933,0.12078610949673355,0.13417340189716653,0.18053195291697113,-4.622502535226223
1785585639.3052027,0.0859566384865532,1.5726301094203672,-94.24033134449554,-0.03626654702969079,1.4401541704805978,-89.61782884698165,0.12222318551624399,0.1324759389397694,0.18024533690420871,-4.62250249751389
1785585640.3047311,0.08662969074828766,1.582085820072194,-94.24033134449554,-0.03631229192799945,1.4470125092901038,-89.61782886758574,0.12294198267628711,0.13507331078209006,0.18264591533897376,-4.622502476909811
1785585641.304567,0.08575611385497563,1.5699745209346245,-94.24033134449554,-0.036236509341138756,1.4356507839380348,-89.61782883701039,0.12199262319611438,0.13432373699658973,0.1814526561806086,-4.622502507485158
1785585642.3049524,0.08471139444123854,1.5568875966675968,-94.24033134449554,-0.03614126494736647,1.421371072694813,-89.61782881392213,0.12085265938860501,0.1355165239727838,0.18157668779599506,-4.622502530573415
1785585643.3044991,0.08373923586229602,1.5437820600680077,-94.24033134449554,-0.03604602095053644,1.4070913592500163,-89.61782881481918,0.11978525681283246,0.1366907008179914,0.18174943037002855,-4.622502529676372
1785585644.3042846,0.08268478964560509,1.5302092350186467,-94.32646979496549,-0.03595077672721958,1.3928116475964383,-89.61782883413674,0.11863556637282467,0.13739758742220842,0.18152821994952822,-4.708640960828742
1785585645.3045604,0.08161770890927207,1.517129954047211,-94.29804514564643,-0.03586913821283089,1.3805718985600337,-89.61782886309291,0.11748684712210296,0.13655805548717725,0.18014233751434275,-4.680216282553509
1785585646.307047,0.08058462647264479,1.5040802892305958,-94.29804514564643,-0.0357738918298911,1.3662921987431402,-89.61782891165103,0.1163585183025359,0.13778809048745555,0.18034650720693435,-4.680216233995383
1785585647.3065493,0.07939641722547784,1.4895075843724461,-94.29804514564643,-0.03567863418075068,1.352012507152144,-89.61782897434021,0.11507505140622852,0.13749507722030208,0.17929630145645215,-4.680216171306205
1785585648.3043542,0.07829653550534085,1.4764793918597652,-94.29804514564643,-0.03558337465978356,1.337732818673771,-89.61782892719614,0.11387991016512442,0.13874657318599426,0.17949720195611202,-4.680216218450269
1785585649.3051138,0.0773342640395903,1.4634078608979904,-94.29804514564643,-0.03550173282153701,1.325493079845312,-89.61782884294085,0.11283599686112732,0.1379147810526784,0.17819216879664648,-4.680216302705567
1785585650.3042493,0.07618399377454893,1.4503370250766703,-94.29804514564643,-0.035406485455349745,1.3112133757906856,-89.61782876431124,0.11159047922989868,0.13912364928598464,0.1783474834288617,-4.6802163813351765
1785585651.304384,0.07517342470656652,1.4372370023472936,-94.29804514564643,-0.035311238696960734,1.2969336649620886,-89.61782871623704,0.11048466340352725,0.14030333738520495,0.17858299843159026,-4.680216429409375
1785585652.3041713,0.07418934001691284,1.4253120058386632,-94.29804514564643,-0.035237037643560676,1.2858091674495191,-89.61782870909744,0.10942637766047351,0.13950283838914412,0.17729967300172958,-4.6802164365489825
1785585653.3045957,0.07304816693878523,1.4110899362140226,-94.29804514564643,-0.035144694477550864,1.2719647484056043,-89.61782872855974,0.10819286141633609,0.13912518780841832,0.17624276763652508,-4.6802164170866725
1785585654.304274,0.0710412414074849,1.3848923964244224,-94.2726556816501,-0.0349270263943966,1.239331426362979,-89.61782888124355,0.1059682678018815,0.1455609700614433,0.18004796523748795,-4.6548268004065365
1785585655.3049762,0.0687291408982868,1.3589067030775555,-94.29569504697372,-0.034763727305939573,1.2148519585573667,-89.61782892677441,0.10349286820422637,0.14405474452018874,0.17737683949127692,-4.677866120199317
1785585656.3071926,0.06263814011893358,1.278208708734409,-94.29569504697372,-0.0342194638414246,1.1332536330741783,-89.61782883372119,0.09685760396035818,0.1449550756602307,0.17433694216833331,-4.677866213252539
1785585657.3044748,0.06058410672223149,1.2514938387022887,-94.26406709896489,-0.034028964697159214,1.1046942368348884,-89.61782894029196,0.09461307141939071,0.14679960186740026,0.1746475204285419,-4.646238158672925
1785585658.3043394,0.05851133510481345,1.2253655175594809,-94.26406709896489,-0.033838452696594024,1.0761348548101757,-89.61782883204316,0.09234978780140747,0.1492306627493052,0.1754943703130156,-4.6462382669217295
1785585659.3047097,0.05644404234440977,1.1992176891859587,-94.26406709896489,-0.03364795814335242,1.0475754418396739,-89.61782869633603,0.0900920004877622,0.15164224734628484,0.1763857696417678,-4.646238402628848
1785585660.304669,0.054294555986131025,1.1731149998040122,-94.26406709896489,-0.033484678277865276,1.023095934331399,-89.6178287051134,0.08777923426399631,0.15001906547261323,0.17381287056271108,-4.646238393851483
1785585661.3044527,0.05199938088464704,1.1440920473520366,-94.26406709896489,-0.03329418410985219,0.994536523032759,-89.61782882381557,0.08529356499449922,0.14955552431927766,0.17216807800485232,-4.646238275149315
1785585662.304567,0.04992238682859044,1.118010896521404,-94.30492959279864,-0.033103673882860285,0.9659771406453399,-89.61782891955812,0.08302606071145072,0.15203375587606405,0.17322698889908622,-4.687100673240525
1785585663.3041158,0.04759315976085756,1.0897211395060453,-94.16594077270729,-0.03291317244261194,0.937417746501366,-89.61782881477154,0.0805063322034695,0.15230339300467932,0.17227185796174949,-4.548111957935739
1785585664.3044305,0.04559646050058811,1.063569064679252,-94.16594077270729,-0.03272268337191497,0.9088583236221797,-89.61782877882,0.07831914387250308,0.15471074105707228,0.17340502211686462,-4.548111993887292
1785585665.3042595,0.04364175394319587,1.037406926861637,-94.16594077270729,-0.03253219441900912,0.8802989023614143,-89.6178288216271,0.07617394836220498,0.15710802450022276,0.17460069235673284,-4.54811195108018
1785585666.3046067,0.04168909030191446,1.0112984522534842,-94.16594077270729,-0.03234169319727864,0.8517395079099921,-89.61782893006617,0.07403078349919309,0.15955894434349216,0.1758965992437433,-4.548111842641116
1785585667.305297,0.03995815989611069,0.9851639309045418,-94.16594077270729,-0.03217839671391509,0.827260038624956,-89.6178288325399,0.07213655661002578,0.1579038922795858,0.17360104261378873,-4.54811194016738
1785585668.3043003,0.03769851568233248,0.9560538694281182,-94.173712885985,-0.031987901871481705,0.7987006281908662,-89.61782868714955,0.06968641755381419,0.15735324123725203,0.17209369343283146,-4.555884198835448
1785585669.30481,0.03569649172199999,0.929912330222049,-94.173712885985,-0.03179740865925784,0.7701412030562635,-89.61782869325828,0.06749390038125783,0.15977112716578545,0.17344232374048943,-4.555884192726722
1785585670.3045754,0.03393641514654525,0.9066816798967566,-94.173712885985,-0.03163412798997367,0.7456617071039475,-89.61782879427902,0.06557054313651892,0.1610199727928091,0.17385893064612779,-4.55588409170597
1785585671.3045921,0.03197859076628379,0.8805348696333182,-94.173712885985,-0.031470838444765725,0.7211822337048779,-89.61782891471492,0.06344942921104951,0.1593526359284403,0.17151994824086794,-4.555883971270081
1785585672.3047156,0.030338718768192493,0.857356362687288,-94.173712885985,-0.03130754263191404,0.6967027617817609,-89.61782883182252,0.06164626140010654,0.16065360090552705,0.17207510287232905,-4.555884054162473
1785585673.3044648,0.028435989999930755,0.831262098296698,-94.173712885985,-0.03111705181793578,0.6681433464517235,-89.61782876572558,0.05955304181786654,0.16311875184497449,0.17364991216013595,-4.5558841202594245
1785585674.3051584,0.026486581584511424,0.8052709662062928,-94.16190111435209,-0.030926563445810462,0.6395839211158232,-89.61782878338563,0.05741314503032188,0.1656870450904696,0.17535240555260165,-4.544072330966464
1785585675.304972,0.024572631016095428,0.7791699358353049,-94.16190111435209,-0.030763285339949986,0.6151044279851123,-89.61782885036729,0.055335916356045414,0.16406550785019258,0.173146049637596,-4.544072263984809
1785585676.3061926,0.02267721888988342,0.7530757678935117,-94.16190111435209,-0.030572768883887047,0.586545045975067,-89.61782889430117,0.05324998777377046,0.16653072191844476,0.17483718866587017,-4.544072220050917
1785585677.3042452,0.020798975579965625,0.7269441942273563,-94.16190111435209,-0.03040948588437198,0.5620655645460535,-89.61782873315423,0.05120846146433761,0.16487862968130285,0.17264781797384163,-4.544072381197867
1785585678.304151,0.01875856320103879,0.6977639145624482,-94.16774147971131,-0.030218992251564103,0.533506142640702,-89.61782865503672,0.04897755545260289,0.1642577719217463,0.17140424899870252,-4.549912824674591
1785585679.3057706,0.01701625102792629,0.6745637125633313,-94.191624691895,-0.030028498788410518,0.5049467219924364,-89.6178287261896,0.04704474981633681,0.16961699057089485,0.17602026012822716,-4.573795965705408
1785585680.3043945,0.014918541753490992,0.6455545061491434,-94.21523487493728,-0.029838002335843328,0.4763873273640007,-89.61782888743478,0.04475654408933432,0.16916717878514276,0.17498766418506473,-4.597405987502498
1785585681.3044174,0.01298397993540899,0.6194596930625031,-94.21523487493728,-0.029647486431007675,0.4478279458867367,-89.61782882617833,0.04263146636641667,0.17163174717576646,0.17684710504601744,-4.5974060487589625
1785585682.3046408,0.011039940603724383,0.5933484238312116,-94.21523487493728,-0.029484207722269007,0.4233484506128793,-89.61782876046868,0.04052414832599339,0.16999997321833227,0.17476326127587802,-4.5974061144685985
1785585683.3045492,0.008880636356167915,0.564249095009777,-94.21523487493728,-0.029293719365475868,0.3947890247100774,-89.6178287590197,0.03817435572164378,0.16946007029969967,0.17370664023215046,-4.597406115917583
1785585684.3046846,0.0068760433789217725,0.5382524131755022,-94.18953107549682,-0.02910322898184181,0.3662296118864967,-89.61782882791174,0.035979272360763585,0.1720228012890055,0.17574513422261986,-4.571702247585071
1785585685.3044612,0.004999322397748532,0.5121452363902492,-94.18953107549682,-0.02891271386345662,0.33767022820415127,-89.6178288963499,0.03391203626120515,0.17447500818609796,0.1777401324544354,-4.5717021791469
1785585686.3045304,-0.0006738234613802627,0.43369693000606707,-94.12377148492642,-0.028368442435510177,0.25607190728552265,-89.61782869983679,0.027694618974129913,0.17762502272054442,0.17977107836522582,-4.505942785089628
1785585687.3043041,-0.002579048245874413,0.4075945781937938,-94.14975657777045,-0.02820516079312929,0.23159242169063177,-89.61782883362133,0.02562611254725488,0.17600215650316203,0.17785796787900202,-4.5319277441491215
1785585688.304509,-0.004408220645362653,0.3814610553017332,-94.14975657777045,-0.028014644300804914,0.2030330425671414,-89.61782883436288,0.02360642365544226,0.1784280127345918,0.17998282964276308,-4.531927743407569
1785585689.3044457,-0.006555204042570008,0.3523999128138163,-94.14975657777045,-0.027824150937405312,0.1744736367223303,-89.61782874940609,0.021268946894835303,0.17792627609148598,0.1791929904482846,-4.5319278283643705
1785585690.3054056,-0.00845445481224578,0.32628135304533246,-94.14975657777045,-0.02763366250537702,0.14591421100697577,-89.61782874066799,0.019179207693131244,0.1803671420383567,0.18138397926724675,-4.531927837102461
1785585691.304424,-0.01035856558308831,0.3001166036076477,-94.14975657777045,-0.027443172492474632,0.11735479605074506,-89.61782880433489,0.017084606909386322,0.18276180755690263,0.18355860670291263,-4.531927773435554
1785585692.3047519,-0.012525115272536982,0.27112043274822023,-94.11516884665905,-0.02725266003425597,0.08879541042237982,-89.61782889063834,0.014727544761718989,0.1823250223258404,0.18291887365940848,-4.497339956020719
1785585693.3043551,-0.014413185853579745,0.2450170122927302,-94.11516884665905,-0.0270893733074824,0.06431593442755767,-89.61782873189755,0.012676187453902655,0.18070107786517253,0.18114514972806098,-4.497340114761503
1785585694.305105,-0.016324207673738402,0.21892499869948767,-94.11516884665905,-0.02689887933187829,0.03575651561807325,-89.6178286259283,0.010574671658139887,0.18316848308141442,0.1834734773067319,-4.497340220730752
1785585695.3043838,-0.01813419327777167,0.1949935072846984,-94.11516884665905,-0.02674994351559934,0.013427524524534107,-89.61782865847907,0.00861575023782767,0.18156598276016428,0.18177028703235548,-4.497340188179977
1785585696.304378,-0.01798476340544969,0.19684405059026422,-94.11516884665905,-0.0267790634332723,0.017793274573778994,-89.61782865149836,0.00879430002782261,0.17905077601648522,0.17926661737502864,-4.497340195160697
1785585697.3044913,-0.016737519091462916,0.21396993252635724,-94.11516884665905,-0.026887916644866117,0.03411294665200515,-89.61782865625666,0.0101503975534032,0.1798569858743521,0.18014318177022137,-4.497340190402382
1785585698.3050466,-0.015497234421125987,0.2313008226938091,-94.11516884665905,-0.0270330545744637,0.05587250391398646,-89.61782871973178,0.011535820153337713,0.17542831877982265,0.17580719603169043,-4.497340126927278
1785585699.30658,-0.014085319595955322,0.2503817313091925,-94.11516884665905,-0.027139709291192915,0.07186241104783653,-89.61349056300097,0.013054389695237593,0.17851932026135597,0.17899599100787622,-4.501678283658081
1785585700.3046575,-0.013706379210446712,0.2544044262344101,-92.93723624333775,-0.0271049851330305,0.07568303466332571,-88.23076097974105,0.01339860592258379,0.1787213915710844,0.17922292946432267,-4.7064752635967055
1785585701.3044097,-0.013574093702996571,0.2543659047495774,-89.68142665901583,-0.027017247119798693,0.07568847914600285,-84.56419619863345,0.013443153416802122,0.17867742560357452,0.17918242322869893,-5.117230460382377
1785585702.3043492,-0.01351009216169551,0.2560730042107327,-84.78441357071358,-0.02715211295553721,0.07792773541780029,-79.19037284790359,0.0136420207938417,0.1781452687929324,0.17866684506266334,-5.594040722809985
1785585703.304643,-0.013428993806198624,0.2582383066232537,-79.67283852065015,-0.02728427401331679,0.07999224110599723,-74.51511704516456,0.013855280207118166,0.17824606551725647,0.17878374831622657,-5.15772147548559
1785585704.3043633,-0.013356855254922403,0.2605246606042691,-74.59336375886018,-0.027450783727210437,0.08244372993905147,-69.06065101644091,0.014093928472288034,0.17808093066521763,0.17863778068026936,-5.532712742419257
1785585705.3046024,-0.013173097899200119,0.26338116411266455,-68.95861019891721,-0.027642068361642735,0.08495918167754146,-63.606184357218936,0.014468970462442617,0.17842198243512308,0.17900769514834386,-5.352425841698283
1785585706.3046575,-0.013071879132974765,0.26566137284499275,-64.42389243558554,-0.027837429215062715,0.08717889806930046,-58.93092701924835,0.01476555008208795,0.1784824747756923,0.1790921976839926,-5.492965416337199
1785585707.3044388,-0.012957044770369056,0.2682406337055236,-59.33880368518465,-0.028118454928165226,0.08985545837479947,-53.47645968306643,0.01516141015779617,0.17838517533072412,0.1790283193680433,-5.862344002118222
1785585708.3043208,-0.012737984639965656,0.2707592910117703,-54.49561456861537,-0.02842026829017752,0.09223246468883683,-48.80120149961833,0.015682283650211862,0.17852682632293349,0.1792142899922452,-5.694413068997041
1785585709.3044076,-0.012739767828302872,0.2734171460317769,-49.60726690929661,-0.02886455200035698,0.09510971125545176,-43.346733261475045,0.01612478417205411,0.17830743477632516,0.17903505232526054,-6.260533647821567
1785585710.3044071,-0.012875757289790622,0.2764860725363995,-44.02264885885226,-0.02943279147473543,0.09810363365597041,-37.89226480622224,0.016557034184944808,0.1783824388804291,0.17914918331360447,-6.130384052630023
1785585711.306128,-0.013157651117800423,0.27935562101593553,-38.93944139868088,-0.030152536767819704,0.10121515050249519,-32.43779658195111,0.016994885650019283,0.17814047051344034,0.17894930391875555,-6.50164481672976
1785585712.3043218,-0.013631154610592045,0.28233995208460433,-33.82848271982917,-0.03091177518655397,0.10397331722216396,-27.76253919587205,0.017280620575961924,0.17836663486244037,0.1792017753250271,-6.065943523957119
1785585713.3041894,-0.014346885370211612,0.28549068644111697,-28.61953505221501,-0.03198943648041297,0.10729086496471885,-22.30807302360708,0.017642551110201358,0.17819982147639812,0.1790710361390033,-6.311462028607932
1785585714.3042517,-0.015366754221393115,0.28877542949175716,-23.276883443390076,-0.03327315232683059,0.11069529435239733,-16.921470479976925,0.017906398105437475,0.17808013513935983,0.17897813728040382,-6.355412963413155
1785585715.304451,-0.015659294396362506,0.29211859083023706,-17.561808406272508,-0.03349450038615798,0.11381904215298677,-11.684574424278093,0.01783520598979547,0.17829954867725029,0.1791893513331905,-5.877233981994414
1785585716.3044257,-0.01374120435733202,0.30026788206197746,-6.163607235571178,-0.03260840386398001,0.12223611999367456,-0.7894304903506785,0.01886719950664799,0.1780317620683029,0.17902871144698684,-5.3741767452205
1785585717.3048804,-0.024847071207524128,0.3030377362864719,-4.816144886421531,-0.04582849575163883,0.12390286046536847,0.4428086078070126,0.020981424544114703,0.17913487582110343,0.18035942978215064,-5.258953494228543
1785585718.304546,-0.041882904115289867,0.304399211425494,-4.816144886421531,-0.06486793467518392,0.12375570928851953,0.4428086251199354,0.022985030559894058,0.18064350213697444,0.18209993545894065,-5.258953511541467
1785585719.3044834,-0.056654820230204066,0.30564128668824997,-4.816144886421531,-0.07883029668048236,0.12364779961464478,0.4428086387642098,0.022175476450278293,0.1819934870736052,0.18333952408852638,-5.258953525185741
1785585720.3110342,-0.05763889799239652,0.3057120949370212,-4.816144886421531,-0.07890629451809184,0.12364721225699471,0.4428086388361041,0.021267396525695315,0.18206488268002646,0.1833028195644381,-5.258953525257636
1785585721.3042629,-0.057638897752263316,0.3057120945619863,-4.816144886421531,-0.07890629451809184,0.12364721225699471,0.4428086388361041,0.02126739676582852,0.18206488230499157,0.18330281921979708,-5.258953525257636
1785585722.3043551,-0.057638897485448634,0.30571209414528094,-4.816144886421531,-0.07890629451809184,0.12364721225699471,0.4428086388361041,0.0212673970326432,0.18206488188828623,0.18330281883686267,-5.258953525257636
1785585723.304536,-0.05763889724531543,0.30571209377024605,-4.816144886421531,-0.07890629451809184,0.12364721225699471,0.4428086388361041,0.021267397272776406,0.18206488151325134,0.18330281849222163,-5.258953525257636
1785585724.3043702,-0.05763889700518222,0.3057120933952112,-4.816144886421531,-0.07890629451809184,0.12364721225699471,0.4428086388361041,0.021267397512909618,0.1820648811382165,0.18330281814758065,-5.258953525257636
1785585725.3041449,-0.057638896738367536,0.3057120929785058,-4.816144886421531,-0.07890629451809184,0.12364721225699471,0.4428086388361041,0.0212673977797243,0.1820648807215111,0.1833028177646462,-5.258953525257636
1785585726.3049183,-0.05763889649823433,0.305712092603471,-4.816144886421531,-0.07890629451809184,0.12364721225699471,0.4428086388361041,0.021267398019857504,0.18206488034647628,0.1833028174200052,-5.258953525257636
1785585727.305248,-0.05763889625810112,0.30571209222843615,-4.816144886421531,-0.07890629451809184,0.12364721225699471,0.4428086388361041,0.021267398259990716,0.18206487997144144,0.18330281707536422,-5.258953525257636
1785585728.304309,-0.057638895991286444,0.30571209181173076,-4.816144886421531,-0.07890629451809184,0.12364721225699471,0.4428086388361041,0.02126739852680539,0.18206487955473605,0.18330281669242976,-5.258953525257636
1785585729.3044682,-0.05763889575115323,0.3057120914366959,-4.816144886421531,-0.07890629451809184,0.12364721225699471,0.4428086388361041,0.021267398766938603,0.1820648791797012,0.18330281634778878,-5.258953525257636
1785585730.3133037,-0.05763889553770149,0.30571209110333164,-4.816144886421531,-0.07890629451809184,0.12364721225699471,0.4428086388361041,0.021267398980390345,0.18206487884633693,0.18330281604144125,-5.258953525257636
1785585731.3044438,-0.05763889532424975,0.3057120907699673,-4.816144886421531,-0.07890629451809184,0.12364721225699471,0.4428086388361041,0.021267399193842088,0.1820648785129726,0.18330281573509366,-5.258953525257636
1785585732.3066,-0.057638895084116536,0.30571209039493247,-4.816144886421531,-0.07890629451809184,0.12364721225699471,0.4428086388361041,0.0212673994339753,0.18206487813793776,0.18330281539045268,-5.258953525257636
1785585733.3080733,-0.05763889484398333,0.30571209001989763,-4.816144886421531,-0.07890629451809184,0.12364721225699471,0.4428086388361041,0.021267399674108504,0.18206487776290292,0.1833028150458117,-5.258953525257636
1785585734.304439,-0.05763889463053159,0.30571208968653335,-4.816144886421531,-0.07890629451809184,0.12364721225699471,0.4428086388361041,0.021267399887560247,0.18206487742953864,0.1833028147394642,-5.258953525257636
1785585735.3043165,-0.05763889436371691,0.30571208926982796,-4.816144886421531,-0.07890629451809184,0.12364721225699471,0.4428086388361041,0.02126740015437493,0.18206487701283325,0.18330281435652973,-5.258953525257636
1785585736.3066494,-0.057638894123583695,0.3057120888947931,-4.816144886421531,-0.07890629451809184,0.12364721225699471,0.4428086388361041,0.02126740039450814,0.1820648766377984,0.18330281401188875,-5.258953525257636
1785585737.3043418,-0.05763889388345049,0.30571208851975823,-4.816144886421531,-0.07890629451809184,0.12364721225699471,0.4428086388361041,0.021267400634641345,0.18206487626276352,0.1833028136672477,-5.258953525257636
1785585738.304504,-0.05763889364331728,0.3057120881447234,-4.816144886421531,-0.07890629451809184,0.12364721225699471,0.4428086388361041,0.021267400874774557,0.18206487588772868,0.18330281332260673,-5.258953525257636
1785585739.3044553,-0.057638893429865536,0.3057120878113591,-4.816144886421531,-0.07890629451809184,0.12364721225699471,0.4428086388361041,0.0212674010882263,0.1820648755543644,0.1833028130162592,-5.258953525257636
1785585740.304489,-0.057638893189732324,0.3057120874363243,-4.816144886421531,-0.07890629451809184,0.12364721225699471,0.4428086388361041,0.02126740132835951,0.18206487517932957,0.18330281267161821,-5.258953525257636
1785585741.3042674,-0.05763889297628058,0.30571208710295994,-4.816144886421531,-0.07890629451809184,0.12364721225699471,0.4428086388361041,0.021267401541811254,0.18206487484596523,0.18330281236527066,-5.258953525257636
1785585742.3052995,-0.057638892736147376,0.3057120867279251,-4.816144886421531,-0.07890629451809184,0.12364721225699471,0.4428086388361041,0.02126740178194446,0.1820648744709304,0.18330281202062967,-5.258953525257636
1785585743.3045745,-0.057638892496014164,0.30571208635289027,-4.816144886421531,-0.07890629451809184,0.12364721225699471,0.4428086388361041,0.02126740202207767,0.18206487409589556,0.1833028116759887,-5.258953525257636
1785585744.304368,-0.05763889222919949,0.3057120859361849,-4.816144886421531,-0.07890629451809184,0.12364721225699471,0.4428086388361041,0.021267402288892345,0.18206487367919016,0.18330281129305426,-5.258953525257636
1785585745.3053143,-0.05763889201574775,0.3057120856028206,-4.816144886421531,-0.07890629451809184,0.12364721225699471,0.4428086388361041,0.021267402502344088,0.18206487334582588,0.18330281098670673,-5.258953525257636
1785585746.3044353,-0.057638891802296005,0.30571208526945626,-4.816144886421531,-0.07890629451809184,0.12364721225699471,0.4428086388361041,0.02126740271579583,0.18206487301246155,0.18330281068035914,-5.258953525257636
1785585747.3057837,-0.05763889113525931,0.3057120842276928,-4.816144886421531,-0.07890629451809184,0.12364721225699471,0.4428086388361041,0.021267403382832527,0.1820648719706981,0.18330280972302307,-5.258953525257636
1785585748.3053453,-0.057638890895126096,0.30571208385265797,-4.816144886421531,-0.07890629451809184,0.12364721225699471,0.4428086388361041,0.02126740362296574,0.18206487159566326,0.18330280937838211,-5.258953525257636
1785585749.3042493,-0.05763889065499289,0.30571208347762313,-4.816144886421531,-0.07890629451809184,0.12364721225699471,0.4428086388361041,0.021267403863098944,0.18206487122062842,0.18330280903374113,-5.258953525257636
1785585750.304496,-0.05763889041485968,0.3057120831025883,-4.816144886421531,-0.07890629451809184,0.12364721225699471,0.4428086388361041,0.021267404103232156,0.18206487084559358,0.18330280868910015,-5.258953525257636
1785585751.3047056,-0.05763889017472647,0.30571208272755346,-4.816144886421531,-0.07890629451809184,0.12364721225699471,0.4428086388361041,0.021267404343365368,0.18206487047055875,0.18330280834445917,-5.258953525257636
1785585752.3044624,-0.05763888990791179,0.30571208231084807,-4.816144886421531,-0.07890629451809184,0.12364721225699471,0.4428086388361041,0.021267404610180042,0.18206487005385336,0.18330280796152473,-5.258953525257636
1785585753.304324,-0.05763888966777858,0.30571208193581323,-4.816144886421531,-0.07890629451809184,0.12364721225699471,0.4428086388361041,0.021267404850313254,0.18206486967881852,0.18330280761688375,-5.258953525257636
1785585754.3064556,-0.05763888940096391,0.30571208151910784,-4.816144886421531,-0.07890629451809184,0.12364721225699471,0.4428086388361041,0.02126740511712793,0.18206486926211313,0.18330280723394932,-5.258953525257636
1785585755.3045623,-0.057638889134149225,0.30571208110240244,-4.816144886421531,-0.07890629451809184,0.12364721225699471,0.4428086388361041,0.02126740538394261,0.18206486884540773,0.18330280685101488,-5.258953525257636
1785585756.3042636,-0.05763888889401601,0.3057120807273676,-4.816144886421531,-0.07890629451809184,0.12364721225699471,0.4428086388361041,0.021267405624075822,0.1820648684703729,0.18330280650637393,-5.258953525257636
